Rk,School,G,W,L,W.L.,SRS,SOS,W.1,L.1,W.2,L.2,W.3,L.3,Tm.,Opp.,X.,MP,FG,FGA,FG.,X3P,X3PA,X3P.,FT,FTA,FT.,ORB,TRB,AST,STL,BLK,TOV,PF
1,Abilene Christian,33,27,6,.818,-1.25,-8.08,14,4,13,2,10,4,2458,2082,,1330,880,1858,.474,246,637,.386,452,632,.715,322,1093,514,288,90,397,619
2,Air Force,32,14,18,.438,-3.91,0.61,8,10,9,6,3,9,2179,2294,,1300,802,1777,.451,234,712,.329,341,503,.678,253,1077,434,154,57,423,543
3,Akron,33,17,16,.515,5.22,1.45,8,10,14,3,1,10,2271,2107,,1325,797,1948,.409,297,929,.320,380,539,.705,312,1204,399,185,106,388,569
4,Alabama A&M,32,5,27,.156,-19.22,-8.37,4,14,4,7,0,18,1938,2285,,1295,736,1807,.407,182,576,.316,284,453,.627,314,1025,384,234,49,487,587
5,Alabama-Birmingham,34,20,14,.588,0.81,-1.28,10,8,11,5,6,5,2392,2287,,1370,879,1938,.454,227,675,.336,407,607,.671,353,1237,395,215,80,388,559
6,Alabama State,31,12,19,.387,-15.63,-7.87,9,9,8,3,3,13,2086,2235,,1250,712,1763,.404,216,674,.320,446,684,.652,365,1094,313,203,102,451,565
7,Alabama,33,18,15,.545,10.25,9.76,8,10,10,5,4,8,2369,2353,,1320,827,1876,.441,233,688,.339,482,722,.668,368,1241,401,152,154,449,560
8,Albany (NY),32,12,20,.375,-9.17,-6.50,7,9,6,8,6,10,2150,2216,,1300,728,1750,.416,274,790,.347,420,564,.745,294,1083,402,195,78,454,566
9,Alcorn State,31,10,21,.323,-22.10,-8.99,6,12,10,3,0,17,1995,2194,,1245,709,1721,.412,211,646,.327,366,543,.674,334,1079,391,229,107,492,548
10,American,30,15,15,.500,-4.00,-7.04,9,9,8,7,6,8,2161,2070,,1220,780,1643,.475,190,583,.326,411,589,.698,251,1013,401,221,131,386,520
11,Appalachian State,32,11,21,.344,-3.55,0.28,6,12,9,5,2,12,2557,2539,,1290,880,1938,.454,292,814,.359,505,706,.715,310,1126,406,171,89,418,585
12,Arizona State,32,22,10,.688,10.47,5.72,12,6,13,3,6,5,2490,2338,,1300,851,1903,.447,232,680,.341,556,829,.671,389,1283,435,199,103,434,635
13,Arizona,32,17,15,.531,8.35,6.35,8,10,12,5,4,7,2269,2205,,1290,794,1861,.427,235,699,.336,446,620,.719,324,1116,397,165,73,370,594
14,Little Rock,31,10,21,.323,-4.61,-1.82,5,13,7,9,3,12,2301,2353,,1250,817,1687,.484,206,581,.355,461,703,.656,244,1060,443,169,87,503,622
15,Arkansas-Pine Bluff,32,13,19,.406,-14.47,-8.21,10,8,8,2,4,17,2108,2269,,1300,719,1685,.427,194,574,.338,476,702,.678,317,1063,365,216,108,478,629
16,Arkansas State,32,13,19,.406,-6.81,-0.94,7,11,10,4,2,13,2359,2475,,1310,796,1904,.418,237,709,.334,530,721,.735,403,1211,363,183,139,448,684
17,Arkansas,32,17,15,.531,11.89,9.02,8,10,12,6,4,7,2415,2323,,1290,845,1892,.447,241,703,.343,484,728,.665,328,1075,502,261,152,425,646
18,Army,32,13,19,.406,-7.34,-4.50,8,10,10,4,3,13,2268,2305,,1280,837,1956,.428,272,864,.315,322,471,.684,259,1125,499,198,50,376,544
19,Auburn,34,25,9,.735,19.71,9.71,11,7,15,2,4,6,2701,2320,,1370,930,2071,.449,381,1012,.376,460,648,.710,409,1173,487,316,162,417,621
20,Austin Peay,33,22,11,.667,0.59,-4.42,13,5,10,2,8,7,2712,2413,,1335,973,2060,.472,268,702,.382,498,705,.706,397,1215,454,252,110,392,595
21,Ball State,33,16,17,.485,3.75,1.56,6,12,7,7,8,7,2478,2362,,1340,889,1892,.470,202,621,.325,498,709,.702,308,1243,426,217,119,480,580
22,Baylor,32,19,13,.594,12.89,8.42,10,8,13,5,5,6,2293,2150,,1285,816,1853,.440,254,748,.340,407,604,.674,428,1222,443,196,152,424,599
23,Belmont,31,26,5,.839,8.58,-3.62,16,2,13,1,12,3,2710,2290,,1250,987,1976,.499,325,870,.374,411,557,.738,275,1205,616,212,117,360,481
24,Bethune-Cookman,31,14,17,.452,-11.81,-9.56,9,7,11,4,3,12,2290,2245,,1250,833,1899,.439,204,635,.321,420,689,.610,415,1273,443,234,108,501,610
25,Binghamton,33,10,23,.303,-13.68,-4.46,5,11,5,11,5,12,2152,2376,,1320,793,1842,.431,275,788,.349,291,452,.644,244,1060,324,183,152,409,474
26,Boise State,33,13,20,.394,3.90,1.37,7,11,8,7,3,10,2364,2263,,1330,845,1801,.469,252,715,.352,422,584,.723,242,1016,398,200,68,379,569
27,Boston College,31,14,17,.452,6.54,8.48,5,13,10,8,2,8,2196,2256,,1260,768,1808,.425,218,687,.317,442,633,.698,331,1137,382,159,103,378,509
28,Boston University,33,15,18,.455,-6.39,-5.17,7,11,7,7,8,10,2385,2387,,1325,922,1922,.480,221,639,.346,320,468,.684,311,1091,447,199,73,425,578
29,Bowling Green State,34,22,12,.647,4.55,1.17,12,6,14,2,5,8,2668,2496,,1370,945,2134,.443,272,762,.357,506,755,.670,408,1396,427,227,90,412,595
30,Bradley,34,20,14,.588,-0.27,-1.45,9,9,10,6,5,8,2264,2209,,1365,790,1822,.434,231,632,.366,453,654,.693,311,1169,410,183,128,430,595
31,Brigham Young,32,19,13,.594,6.49,3.64,11,5,13,3,5,8,2527,2436,,1295,878,1877,.468,226,684,.330,545,750,.727,263,1116,482,203,107,354,626
32,Brown,30,19,11,.633,-0.10,-3.42,7,7,12,3,7,8,2209,2045,,1210,759,1714,.443,231,685,.337,460,649,.709,255,1099,385,229,114,427,565
33,Bryant,30,10,20,.333,-14.99,-7.46,7,11,8,6,2,13,2088,2314,,1200,709,1680,.422,230,708,.325,440,618,.712,285,969,319,158,79,383,575
34,Bucknell,33,21,12,.636,0.79,-2.73,13,5,12,3,7,8,2534,2418,,1325,867,1928,.450,311,885,.351,489,653,.749,286,1154,519,173,116,409,627
35,Buffalo,34,31,3,.912,16.01,2.19,16,2,14,0,12,3,2888,2398,,1365,1033,2232,.463,325,968,.336,497,719,.691,428,1395,573,249,138,402,617
36,Butler,32,16,16,.500,9.85,8.57,7,11,12,4,2,9,2298,2257,,1290,835,1877,.445,280,799,.350,348,472,.737,280,1032,418,188,61,351,570
37,Cal Poly,29,6,23,.207,-13.68,-3.27,2,14,4,8,1,14,1930,2183,,1185,706,1715,.412,225,687,.328,293,452,.648,284,975,301,147,99,334,544
38,Cal State Bakersfield,31,16,15,.516,-4.64,-2.03,7,9,9,4,5,9,2211,2207,,1255,811,1896,.428,212,638,.332,377,565,.667,446,1155,359,205,98,410,684
39,Cal State Fullerton,33,16,17,.485,-2.74,-0.77,10,6,9,3,4,11,2379,2348,,1345,850,1861,.457,182,570,.319,497,707,.703,271,1187,397,195,112,437,617
40,Cal State Northridge,33,13,20,.394,-6.36,-3.36,7,9,7,9,4,10,2517,2609,,1335,936,2026,.462,227,621,.366,418,656,.637,338,1180,491,209,151,403,616
41,California Baptist,30,16,14,.533,-3.75,-4.02,7,9,8,6,8,6,2348,2185,,1220,816,1813,.450,280,779,.359,436,557,.783,298,1131,339,146,82,364,610
42,UC-Davis,31,11,20,.355,-5.96,-1.20,7,9,7,6,3,12,2038,2128,,1260,735,1673,.439,203,619,.328,365,515,.709,218,928,375,196,71,412,596
43,UC-Irvine,35,30,5,.857,5.88,-2.97,15,1,12,2,13,2,2551,2216,,1420,945,2058,.459,238,660,.361,423,608,.696,412,1404,463,199,148,412,648
44,UC-Riverside,33,10,23,.303,-10.84,-2.91,4,12,7,7,2,14,2153,2279,,1325,793,1787,.444,279,741,.377,288,421,.684,281,1051,426,164,60,425,561
45,UC-Santa Barbara,32,22,10,.688,-1.40,-5.33,10,6,12,3,7,6,2350,2114,,1290,825,1818,.454,204,594,.343,496,693,.716,379,1204,431,159,106,355,559
46,University of California,31,8,23,.258,-3.08,5.51,3,15,7,9,1,10,2121,2387,,1245,739,1735,.426,207,592,.350,436,603,.723,249,899,335,227,98,352,573
47,Campbell,32,20,12,.625,-3.48,-4.79,12,4,12,4,5,7,2426,2244,,1285,840,1843,.456,307,892,.344,439,580,.757,260,1023,469,209,103,325,510
48,Canisius,32,15,17,.469,-8.57,-4.63,11,7,5,8,9,5,2250,2376,,1295,798,1834,.435,256,791,.324,398,575,.692,300,1026,466,204,108,412,626
49,Central Arkansas,33,14,19,.424,-10.97,-4.41,8,10,8,5,5,13,2383,2498,,1330,810,1903,.426,276,784,.352,487,667,.730,299,1164,463,202,120,478,611
50,Central Connecticut State,31,11,20,.355,-13.79,-6.48,5,13,5,7,5,12,2205,2367,,1260,754,1821,.414,201,612,.328,496,634,.782,332,1107,353,172,110,427,598
51,Central Florida,31,23,8,.742,12.50,4.66,13,5,15,2,5,5,2236,1993,,1245,765,1652,.463,211,596,.354,495,767,.645,300,1139,411,178,139,367,524
52,Central Michigan,34,23,11,.676,3.46,-0.22,10,8,13,4,7,5,2810,2590,,1385,959,2113,.454,294,793,.371,598,888,.673,412,1292,448,258,105,412,579
53,Charleston Southern,32,17,15,.531,-2.23,-4.26,9,7,11,4,4,10,2439,2230,,1290,871,2032,.429,317,901,.352,380,562,.676,390,1200,459,252,106,414,537
54,Charlotte,29,8,21,.276,-8.11,-0.66,5,13,5,9,3,9,1776,1992,,1160,598,1441,.415,191,615,.311,389,524,.742,199,892,288,138,101,418,490
55,Chattanooga,32,12,20,.375,-7.53,-0.42,7,11,8,6,4,11,2268,2376,,1285,833,1881,.443,290,795,.365,312,457,.683,278,1096,419,139,79,409,553
56,Chicago State,32,3,29,.094,-24.38,1.12,0,16,3,8,0,19,1970,2710,,1280,718,1749,.411,141,468,.301,393,582,.675,249,993,373,193,72,512,625
57,Cincinnati,33,27,6,.818,14.17,4.75,14,4,16,2,7,4,2369,2058,,1330,822,1903,.432,220,629,.350,505,719,.702,424,1193,451,208,150,347,529
58,Citadel,30,12,18,.400,-7.73,0.24,4,14,8,7,4,10,2553,2584,,1210,899,2010,.447,370,1076,.344,385,523,.736,322,1107,463,201,110,386,528
59,Clemson,32,19,13,.594,15.08,9.86,9,9,13,4,4,6,2209,2042,,1280,791,1747,.453,207,629,.329,420,572,.734,286,1134,394,208,139,427,528
60,Cleveland State,31,10,21,.323,-7.87,-1.42,5,13,8,9,2,12,2300,2437,,1250,799,1834,.436,303,820,.370,399,585,.682,303,1094,460,174,97,412,551
61,Coastal Carolina,31,15,16,.484,-1.13,-1.96,9,9,9,4,5,10,2364,2265,,1250,797,1772,.450,249,680,.366,521,724,.720,338,1138,406,196,76,442,638
62,Colgate,34,24,10,.706,1.05,-4.37,13,5,15,1,9,9,2578,2381,,1375,930,1939,.480,305,786,.388,413,557,.741,319,1209,531,210,120,443,532
63,College of Charleston,33,24,9,.727,2.71,-2.61,12,6,13,2,8,5,2453,2265,,1330,878,1818,.483,227,667,.340,470,615,.764,260,1060,387,216,76,347,486
64,Colorado State,32,12,20,.375,0.20,1.72,7,11,8,9,3,8,2393,2406,,1285,866,1818,.476,259,722,.359,402,579,.694,256,1080,472,200,74,372,522
65,Colorado,33,21,12,.636,9.88,3.48,10,8,13,2,5,8,2439,2228,,1325,852,1867,.456,212,654,.324,523,700,.747,339,1239,440,169,100,445,574
66,Columbia,28,10,18,.357,-4.92,-1.88,5,9,5,7,4,9,2059,2052,,1160,778,1721,.452,237,655,.362,266,378,.704,255,986,443,218,78,366,539
67,Connecticut,33,16,17,.485,6.75,4.27,6,12,13,5,1,8,2436,2354,,1325,874,1959,.446,252,732,.344,436,641,.680,380,1167,422,200,145,427,643
68,Coppin State,33,8,25,.242,-18.72,-6.94,7,9,3,7,4,16,2118,2507,,1330,710,1827,.389,240,841,.285,458,689,.665,314,1218,326,169,115,555,619
69,Cornell,30,15,15,.500,-5.51,-1.58,7,7,9,4,6,11,2060,2113,,1215,719,1648,.436,233,707,.330,389,541,.719,188,983,431,177,103,394,474
70,Creighton,32,18,14,.563,12.61,9.13,9,9,11,6,4,7,2520,2362,,1300,901,1870,.482,348,883,.394,370,540,.685,262,1089,511,216,79,419,536
71,Dartmouth,30,11,19,.367,-5.51,-2.76,2,12,8,6,2,12,2160,2116,,1210,791,1748,.453,264,719,.367,314,435,.722,246,1020,415,159,98,361,468
72,Davidson,33,24,9,.727,6.89,2.08,14,4,14,1,7,5,2328,2140,,1325,822,1834,.448,300,856,.350,384,514,.747,256,1156,476,168,81,363,521
73,Dayton,32,21,11,.656,10.11,2.99,13,5,13,4,7,3,2333,2105,,1295,872,1734,.503,200,599,.334,389,564,.690,257,1116,529,161,79,403,444
74,Delaware State,31,6,25,.194,-26.77,-10.08,2,14,3,9,2,15,1956,2371,,1240,695,1963,.354,234,789,.297,332,489,.679,378,1144,333,214,65,435,589
75,Delaware,33,17,16,.515,-7.56,-4.47,8,10,9,7,7,8,2352,2380,,1360,830,1808,.459,282,746,.378,410,564,.727,254,1083,425,149,78,378,523
76,Denver,30,8,22,.267,-11.67,-2.81,3,13,6,7,1,14,2086,2319,,1205,755,1723,.438,227,622,.365,349,460,.759,275,1041,354,142,78,408,506
77,DePaul,30,15,15,.500,6.89,5.12,7,11,12,6,3,8,2306,2253,,1205,827,1772,.467,203,589,.345,449,627,.716,340,1125,438,190,87,414,536
78,Detroit Mercy,31,11,20,.355,-6.24,-0.27,8,10,6,6,4,14,2279,2464,,1240,784,1875,.418,294,825,.356,417,581,.718,336,1019,319,238,77,355,528
79,Drake,33,24,9,.727,3.31,-0.21,12,6,13,2,7,5,2490,2307,,1340,880,1868,.471,273,750,.364,457,607,.753,271,1174,508,174,126,436,549
80,Drexel,32,13,19,.406,-6.68,-2.58,7,11,9,7,3,11,2425,2475,,1280,874,1900,.460,237,669,.354,440,584,.753,312,1126,464,144,62,377,543
81,Duke,34,29,5,.853,28.38,12.44,14,4,15,2,7,2,2839,2297,,1365,1037,2173,.477,247,818,.302,518,751,.690,455,1421,541,322,232,446,539
82,Duquesne,32,19,13,.594,0.78,-0.38,10,8,14,4,4,6,2351,2314,,1295,810,1895,.427,271,841,.322,460,663,.694,379,1133,443,250,151,451,580
83,East Carolina,31,10,21,.323,-5.58,1.23,3,15,8,9,1,11,2088,2299,,1255,749,1791,.418,155,545,.284,435,638,.682,317,1061,382,223,110,416,622
84,East Tennessee State,33,24,9,.727,5.97,-1.52,13,5,13,2,8,6,2613,2269,,1335,971,2001,.485,261,725,.360,410,617,.665,430,1320,513,246,131,470,582
85,Eastern Illinois,32,14,18,.438,-11.80,-4.99,7,11,7,6,5,10,2299,2457,,1310,826,1912,.432,272,735,.370,375,545,.688,347,1147,434,200,120,427,569
86,Eastern Kentucky,31,13,18,.419,-7.37,-2.44,6,12,9,5,3,11,2562,2577,,1265,902,2125,.424,272,832,.327,486,683,.712,362,1167,458,317,101,447,661
87,Eastern Michigan,32,15,17,.469,0.82,4.86,9,9,11,7,4,10,2203,2213,,1295,818,1822,.449,187,634,.295,380,604,.629,400,1155,369,237,142,442,530
88,Eastern Washington,34,16,18,.471,-6.78,-4.17,12,8,9,4,4,13,2460,2527,,1380,876,2040,.429,310,886,.350,398,546,.729,299,1192,467,200,101,401,632
89,Elon,32,11,21,.344,-11.12,-3.16,7,11,5,11,6,7,2266,2445,,1290,812,1860,.437,335,942,.356,307,443,.693,265,1080,468,135,59,413,539
90,Evansville,32,11,21,.344,-3.69,0.28,5,13,9,7,2,13,2234,2317,,1295,747,1776,.421,264,776,.340,476,660,.721,215,1095,394,185,89,416,601
91,Fairfield,31,9,22,.290,-10.07,-7.00,6,12,5,7,3,13,2072,2167,,1240,761,1755,.434,259,740,.350,291,420,.693,273,968,401,202,63,436,612
92,Fairleigh Dickinson,33,20,13,.606,-5.92,-8.18,12,6,13,4,7,9,2489,2352,,1340,876,1834,.478,254,630,.403,483,661,.731,303,1085,466,253,120,443,554
93,Florida A&M,31,12,19,.387,-13.52,-8.04,9,7,6,3,6,14,1927,2057,,1245,719,1640,.438,180,489,.368,309,503,.614,288,991,355,226,111,499,580
94,Florida Atlantic,32,17,15,.531,-1.03,-1.44,8,10,9,5,6,8,2256,2175,,1295,788,1913,.412,279,865,.323,401,535,.750,357,1266,407,178,93,473,562
95,Florida Gulf Coast,32,14,18,.438,-5.03,-1.39,9,7,10,4,4,10,2280,2360,,1280,809,1786,.453,269,724,.372,393,588,.668,272,1064,449,216,133,479,514
96,Florida International,32,19,13,.594,-3.78,-1.32,10,8,12,4,5,8,2643,2555,,1280,933,2115,.441,269,878,.306,508,795,.639,347,1150,468,339,146,448,621
97,Florida State,34,27,7,.794,18.43,10.64,13,5,15,1,6,4,2547,2282,,1380,879,1984,.443,255,760,.336,534,721,.741,389,1271,438,237,145,459,651
98,Florida,34,19,15,.559,15.74,11.12,9,9,9,6,5,6,2321,2164,,1375,814,1908,.427,277,828,.335,416,579,.718,361,1141,416,244,126,400,581
99,Fordham,32,12,20,.375,-4.69,-2.08,3,15,9,10,3,8,2108,2141,,1295,759,1890,.402,276,831,.332,314,462,.680,305,1082,360,188,108,345,559
100,Fresno State,32,23,9,.719,9.36,1.03,13,5,13,4,7,3,2448,2162,,1285,847,1866,.454,342,897,.381,412,572,.720,300,1138,457,228,111,400,591
101,Furman,32,25,7,.781,7.98,-1.51,13,5,13,2,11,4,2492,2106,,1300,904,1900,.476,330,908,.363,354,496,.714,320,1144,510,280,135,401,465
102,Gardner-Webb,34,23,11,.676,-2.99,-5.35,11,6,13,0,8,9,2662,2397,,1390,933,1912,.488,272,696,.391,524,737,.711,268,1169,492,233,99,391,545
103,George Mason,33,18,15,.545,1.10,0.35,11,7,11,6,6,6,2314,2289,,1330,825,1855,.445,210,637,.330,454,634,.716,323,1166,399,204,95,428,563
104,George Washington,33,9,24,.273,-6.32,1.53,4,14,6,11,2,10,2097,2356,,1340,745,1842,.404,196,631,.311,411,600,.685,274,1116,375,170,96,413,526
105,Georgetown,32,19,13,.594,7.61,5.98,9,9,13,5,5,6,2557,2505,,1315,869,1955,.445,264,736,.359,555,755,.735,340,1269,531,189,130,435,566
106,Georgia Southern,33,21,12,.636,3.99,0.38,12,6,10,4,7,7,2726,2489,,1330,1012,2027,.499,203,631,.322,499,721,.692,316,1186,401,254,131,451,590
107,Georgia State,32,23,9,.719,2.95,0.40,13,5,13,1,7,7,2470,2343,,1280,865,1858,.466,316,814,.388,424,643,.659,263,1047,402,259,152,374,554
108,Georgia Tech,32,14,18,.438,7.60,8.82,6,12,11,7,3,9,2091,2130,,1285,755,1714,.440,176,573,.307,405,588,.689,262,1076,433,221,166,459,560
109,Georgia,32,11,21,.344,5.62,8.43,2,16,8,9,2,9,2274,2364,,1280,776,1760,.441,210,652,.322,512,726,.705,357,1215,423,185,163,506,565
110,Gonzaga,33,30,3,.909,28.32,4.54,16,0,17,0,9,1,2932,2147,,1320,1062,1997,.532,257,704,.365,551,718,.767,315,1275,594,249,178,342,530
111,Grambling,33,17,16,.515,-9.90,-9.53,10,8,11,3,6,11,2353,2262,,1330,803,1791,.448,216,541,.399,531,776,.684,306,1255,398,189,145,521,683
112,Grand Canyon,33,20,13,.606,4.55,-1.39,10,6,12,2,5,7,2497,2276,,1330,882,1944,.454,248,748,.332,483,659,.733,344,1202,466,202,71,397,577
113,Green Bay,33,17,16,.515,-3.33,-0.04,10,8,12,3,4,12,2653,2633,,1330,944,2084,.453,257,757,.339,508,722,.704,317,1197,489,259,134,422,634
114,Hampton,31,15,16,.484,-4.21,-5.28,9,7,10,3,5,11,2533,2380,,1270,860,1983,.434,263,764,.344,548,701,.782,332,1194,435,194,110,334,586
115,Hartford,33,18,15,.545,-3.65,-4.59,10,6,10,4,8,9,2477,2407,,1345,848,1863,.455,322,846,.381,459,619,.742,278,1050,462,228,69,401,552
116,Harvard,28,18,10,.643,1.76,0.06,10,4,9,2,7,8,1989,1931,,1145,705,1541,.457,240,647,.371,339,477,.711,256,1016,341,166,109,449,492
117,Hawaii,31,18,13,.581,-1.03,-3.34,9,7,12,5,4,5,2241,2131,,1250,788,1746,.451,266,751,.354,399,576,.693,278,1055,478,156,66,368,556
118,High Point,31,16,15,.516,-5.72,-4.47,9,7,9,4,5,8,2115,2105,,1255,763,1719,.444,180,583,.309,409,604,.677,363,1183,404,170,91,406,502
119,Hofstra,34,27,7,.794,4.89,-4.77,15,3,15,1,10,5,2841,2469,,1400,971,1990,.488,301,774,.389,598,748,.799,296,1136,476,221,116,333,509
120,Holy Cross,33,16,17,.485,-6.23,-3.80,6,12,8,6,6,11,2216,2296,,1335,848,1834,.462,237,670,.354,283,424,.667,220,916,510,241,127,350,481
121,Houston Baptist,30,12,18,.400,-8.96,-5.14,8,10,9,4,3,13,2465,2484,,1225,865,1896,.456,200,588,.340,535,793,.675,409,1142,449,234,54,442,593
122,Houston,33,31,2,.939,18.71,3.53,16,2,19,1,10,1,2514,2013,,1320,883,1968,.449,305,838,.364,443,629,.704,408,1358,495,217,149,379,629
123,Howard,33,17,16,.515,-12.31,-9.74,10,6,6,8,9,7,2612,2580,,1330,914,2104,.434,234,643,.364,550,762,.722,394,1219,450,193,139,417,628
124,Idaho State,30,11,19,.367,-13.10,-4.75,7,13,6,7,5,11,2198,2369,,1200,779,1742,.447,274,752,.364,366,498,.735,275,975,383,154,88,360,497
125,Idaho,32,5,27,.156,-18.68,-6.13,2,18,4,11,1,13,2174,2460,,1285,778,1764,.441,251,678,.370,367,507,.724,258,1061,399,130,53,433,581
126,Illinois-Chicago,32,16,16,.500,-3.14,-1.97,10,8,12,4,4,12,2391,2385,,1295,865,1881,.460,303,856,.354,358,525,.682,271,1106,478,210,124,457,684
127,Illinois State,33,17,16,.515,-1.85,0.46,9,9,12,4,2,10,2257,2314,,1330,813,1887,.431,244,734,.332,387,540,.717,298,1139,421,162,106,417,577
128,Illinois,33,12,21,.364,9.53,12.10,7,13,9,6,1,9,2398,2483,,1335,862,2001,.431,259,751,.345,415,591,.702,351,1089,446,244,86,435,696
129,Incarnate Word,31,6,25,.194,-18.64,-4.83,1,17,5,9,0,14,2044,2355,,1255,711,1527,.466,174,508,.343,448,553,.810,204,845,354,184,53,504,592
130,Indiana State,31,15,16,.484,-2.58,0.76,7,11,9,5,4,9,2146,2218,,1250,757,1719,.440,178,491,.363,454,621,.731,250,1007,342,207,73,410,586
131,Indiana,32,17,15,.531,15.05,11.30,8,12,13,5,3,9,2289,2169,,1300,838,1825,.459,193,615,.314,420,635,.661,309,1154,426,209,142,404,548
132,Iona,32,17,15,.531,-4.97,-6.19,12,6,8,3,5,9,2459,2420,,1280,835,1842,.453,282,804,.351,507,684,.741,282,1126,420,217,89,394,552
133,Iowa State,34,23,11,.676,18.18,9.06,9,9,12,4,5,6,2633,2323,,1360,951,1994,.477,288,789,.365,443,605,.732,321,1199,518,238,158,367,502
134,Iowa,33,22,11,.667,14.49,9.83,10,10,14,4,4,6,2584,2430,,1330,862,1894,.455,267,739,.361,593,801,.740,343,1179,519,204,108,401,529
135,Purdue-Fort Wayne,33,18,15,.545,-3.30,-3.43,9,7,11,5,6,9,2728,2556,,1330,991,2060,.481,360,949,.379,386,557,.693,271,1140,525,247,158,395,495
136,IUPUI,32,16,16,.500,-2.63,-3.13,8,10,11,4,3,12,2434,2351,,1280,862,1904,.453,226,668,.338,484,690,.701,397,1191,460,223,103,444,565
137,Jackson State,32,13,19,.406,-14.55,-9.28,10,8,9,4,3,14,1974,2107,,1285,717,1773,.404,155,555,.279,385,607,.634,331,1124,360,210,124,436,643
138,Jacksonville State,33,24,9,.727,1.58,-5.48,15,3,11,1,10,7,2574,2283,,1345,953,2064,.462,200,634,.315,468,630,.743,400,1310,451,245,138,440,552
139,Jacksonville,32,12,20,.375,-8.22,-4.68,5,11,5,8,6,11,2385,2402,,1285,889,1953,.455,213,645,.330,394,582,.677,330,1163,456,213,166,463,523
140,James Madison,33,14,19,.424,-8.21,-3.76,6,12,8,6,4,11,2322,2409,,1350,821,1860,.441,243,671,.362,437,607,.720,345,1123,403,211,101,420,612
141,Kansas State,33,25,8,.758,15.82,9.24,14,4,13,2,7,5,2172,1955,,1320,784,1818,.431,233,694,.336,371,559,.664,308,1100,454,251,75,372,532
142,Kansas,34,25,9,.735,18.14,12.85,12,6,16,0,3,8,2563,2383,,1375,928,2008,.462,246,702,.350,461,661,.697,353,1293,453,233,134,444,573
143,Kennesaw State,32,6,26,.188,-16.20,-1.07,3,13,6,8,0,15,2030,2455,,1285,742,1945,.381,136,438,.311,410,590,.695,372,1163,363,185,106,437,525
144,Kent State,32,22,10,.688,1.90,0.90,11,7,14,3,8,6,2404,2330,,1290,850,1967,.432,249,743,.335,455,631,.721,400,1153,418,219,115,367,587
145,Kentucky,33,27,6,.818,21.78,10.48,15,3,17,1,8,2,2532,2159,,1325,878,1835,.478,199,547,.364,577,780,.740,384,1272,457,199,167,417,537
146,La Salle,31,10,21,.323,-3.24,1.67,8,10,5,9,3,8,2091,2243,,1240,719,1798,.400,259,783,.331,394,512,.770,328,1060,391,230,98,435,630
147,Lafayette,30,10,20,.333,-10.97,-4.72,7,11,4,11,6,9,2209,2349,,1220,802,1785,.449,280,736,.380,325,437,.744,233,1001,419,156,125,402,515
148,Lamar,33,20,13,.606,-5.65,-6.93,12,6,13,2,6,10,2597,2322,,1340,902,1977,.456,228,665,.343,565,823,.687,446,1281,479,283,96,473,623
149,Lehigh,31,20,11,.645,-2.14,-4.27,12,6,11,3,9,8,2479,2413,,1250,856,1773,.483,287,677,.424,480,619,.775,232,1102,468,172,71,418,571
150,Liberty,34,28,6,.824,4.70,-5.21,14,2,16,1,11,3,2516,2066,,1360,921,1877,.491,300,816,.368,374,485,.771,263,1113,505,217,91,373,513
151,Lipscomb,32,25,7,.781,8.51,-3.03,14,2,14,3,11,4,2670,2209,,1280,930,1926,.483,280,755,.371,530,705,.752,293,1200,555,241,88,425,556
152,Long Beach State,34,15,19,.441,-4.32,-0.19,8,8,9,5,4,12,2545,2584,,1375,877,2031,.432,217,630,.344,574,831,.691,377,1263,399,219,105,479,620
153,Long Island University,32,16,16,.500,-8.80,-8.89,9,9,8,5,7,9,2373,2337,,1285,822,1880,.437,277,813,.341,452,643,.703,321,1196,430,218,157,471,610
154,Longwood,32,15,17,.469,-9.79,-7.37,5,11,9,5,5,11,2228,2243,,1295,742,1755,.423,302,879,.344,442,605,.731,269,1133,364,198,68,459,591
155,Louisiana,32,19,13,.594,-1.81,-1.24,10,8,10,4,7,7,2612,2575,,1290,901,2021,.446,283,814,.348,527,710,.742,363,1141,485,224,125,423,612
156,Louisiana-Monroe,33,18,15,.545,1.07,-1.75,9,9,13,2,4,12,2584,2452,,1330,854,1890,.452,330,835,.395,546,698,.782,297,1099,461,191,74,373,513
157,Louisiana State,32,26,6,.813,17.23,8.89,16,2,15,2,9,1,2604,2337,,1315,912,1974,.462,219,677,.323,561,744,.754,431,1241,420,291,138,422,597
158,Louisiana Tech,33,20,13,.606,1.27,-1.99,9,9,15,1,4,10,2386,2235,,1335,840,1928,.436,253,756,.335,453,690,.657,368,1204,440,190,115,386,535
159,Louisville,33,20,13,.606,18.51,11.78,10,8,14,4,5,6,2460,2238,,1340,828,1908,.434,285,834,.342,519,670,.775,338,1262,442,147,97,407,569
160,Loyola (IL),33,20,13,.606,4.26,-0.31,12,6,13,4,5,6,2170,1996,,1320,805,1633,.493,201,550,.365,359,539,.666,187,986,448,213,73,393,456
161,Loyola Marymount,31,20,11,.645,3.16,1.27,8,8,11,4,7,6,2094,1951,,1240,744,1627,.457,146,460,.317,460,618,.744,291,1005,413,224,93,396,556
162,Loyola (MD),32,11,21,.344,-8.91,-4.37,7,11,7,5,3,16,2332,2477,,1295,842,1836,.459,210,616,.341,438,617,.710,292,997,448,278,73,444,573
163,Maine,32,5,27,.156,-14.85,-3.94,3,13,3,9,2,18,1988,2271,,1310,747,1728,.432,201,647,.311,293,452,.648,280,1015,471,239,93,460,566
164,Manhattan,32,11,21,.344,-12.74,-7.18,8,10,4,9,4,11,1833,2011,,1285,651,1606,.405,219,659,.332,312,534,.584,326,1026,360,220,75,487,672
165,Marist,31,12,19,.387,-9.31,-7.34,7,11,4,7,6,11,2086,2147,,1250,739,1647,.449,245,675,.363,363,530,.685,241,967,377,172,53,387,583
166,Marquette,33,24,9,.727,16.19,7.55,12,6,16,3,6,4,2565,2280,,1335,869,1895,.459,311,791,.393,516,680,.759,317,1249,450,159,141,455,615
167,Marshall,33,19,14,.576,-1.27,0.10,11,7,12,3,6,10,2647,2692,,1335,925,2096,.441,332,955,.348,465,640,.727,286,1083,475,302,143,414,608
168,Maryland-Baltimore County,34,21,13,.618,-5.62,-5.62,11,5,13,4,6,7,2296,2177,,1400,820,1893,.433,261,807,.323,395,572,.691,296,1145,452,268,83,428,578
169,Maryland-Eastern Shore,32,7,25,.219,-24.04,-7.74,5,11,5,7,2,17,1833,2291,,1285,666,1705,.391,172,610,.282,329,489,.673,264,990,361,186,70,431,575
170,Maryland,32,22,10,.688,16.75,10.47,13,7,15,3,6,5,2283,2082,,1280,807,1777,.454,232,657,.353,437,584,.748,351,1252,423,139,151,420,495
171,Massachusetts-Lowell,32,15,17,.469,-8.06,-6.73,7,9,8,5,5,12,2456,2420,,1290,875,1852,.472,246,721,.341,460,639,.720,293,1115,500,181,85,447,589
172,Massachusetts,32,11,21,.344,-2.71,0.14,4,14,9,8,1,11,2263,2354,,1290,808,1833,.441,256,732,.350,391,574,.681,342,1122,469,154,93,445,643
173,McNeese State,31,9,22,.290,-14.07,-5.81,5,13,7,8,2,14,2149,2303,,1245,760,1675,.454,168,547,.307,461,647,.713,310,1054,429,146,97,450,467
174,Memphis,34,21,13,.618,10.61,4.73,11,7,16,2,3,7,2741,2541,,1370,958,2122,.451,252,776,.325,573,806,.711,423,1302,527,266,134,510,703
175,Mercer,31,11,20,.355,-2.50,0.12,6,12,9,6,2,12,2248,2246,,1245,787,1746,.451,228,663,.344,446,648,.688,307,1058,393,207,80,407,557
176,Miami (FL),32,14,18,.438,10.08,9.39,5,13,11,5,0,10,2297,2275,,1285,805,1849,.435,268,805,.333,419,570,.735,291,1060,413,212,100,372,465
177,Miami (OH),32,15,17,.469,1.10,2.63,7,11,10,5,4,10,2267,2233,,1285,777,1846,.421,269,831,.324,444,626,.709,353,1190,349,193,88,413,581
178,Michigan State,33,27,6,.818,25.56,12.01,16,4,15,1,8,4,2615,2168,,1330,922,1889,.488,273,712,.383,498,664,.750,357,1352,631,176,180,428,565
179,Michigan,33,28,5,.848,22.78,10.45,15,5,17,1,7,4,2333,1926,,1320,855,1894,.451,266,757,.351,357,514,.695,277,1162,458,204,138,292,466
180,Middle Tennessee,32,11,21,.344,-5.77,1.77,8,10,9,5,2,11,2141,2313,,1280,778,1858,.419,212,650,.326,373,551,.677,382,1228,353,190,85,512,582
181,Milwaukee,31,9,22,.290,-8.81,-2.41,4,14,6,8,3,12,2146,2315,,1245,765,1820,.420,237,692,.342,379,508,.746,288,1095,355,145,94,382,579
182,Minnesota,34,21,13,.618,12.82,11.20,9,11,14,3,2,9,2407,2352,,1365,840,1922,.437,178,554,.321,549,808,.679,388,1260,504,163,136,407,550
183,Mississippi State,33,23,10,.697,16.75,9.54,10,8,14,3,5,5,2552,2314,,1330,911,1929,.472,284,752,.378,446,624,.715,385,1183,468,267,164,439,564
184,Mississippi Valley State,32,6,26,.188,-22.43,-6.95,4,14,6,6,0,20,2058,2498,,1285,730,1923,.380,172,554,.310,426,647,.658,378,1165,361,176,70,415,570
185,Mississippi,32,20,12,.625,13.23,8.20,10,8,11,5,6,5,2413,2252,,1285,847,1844,.459,261,729,.358,458,585,.783,315,1098,459,234,116,405,579
186,Missouri-Kansas City,32,11,21,.344,-6.22,-1.16,6,10,8,5,3,13,2220,2341,,1290,774,1794,.431,259,728,.356,413,590,.700,261,966,352,232,90,391,647
187,Missouri State,32,16,16,.500,-1.01,-0.85,10,8,11,4,5,9,2206,2157,,1285,774,1714,.452,224,649,.345,434,627,.692,270,1000,354,221,127,385,540
188,Missouri,32,15,17,.469,8.91,9.48,5,13,9,7,2,8,2150,2168,,1290,758,1764,.430,264,727,.363,370,526,.703,345,1130,354,149,53,448,625
189,Monmouth,35,14,21,.400,-10.49,-4.66,10,8,6,6,5,11,2286,2490,,1420,794,1915,.415,168,565,.297,530,772,.687,360,1224,379,237,101,502,697
190,Montana State,32,15,17,.469,-7.80,-5.71,11,9,9,4,4,12,2502,2552,,1280,858,1882,.456,306,818,.374,480,651,.737,292,1083,491,169,46,394,567
191,Montana,34,26,8,.765,1.53,-5.81,16,4,12,2,9,5,2610,2323,,1365,953,1919,.497,282,738,.382,422,612,.690,286,1142,498,222,101,406,637
192,Morehead State,33,13,20,.394,-7.79,-1.82,8,10,7,7,4,11,2431,2543,,1335,855,1993,.429,260,762,.341,461,654,.705,357,1177,440,186,137,402,561
193,Morgan State,30,9,21,.300,-15.84,-10.48,4,12,6,7,2,13,2159,2304,,1210,757,1919,.394,168,521,.322,477,669,.713,397,1078,358,230,48,401,614
194,Mount St. Mary's,31,9,22,.290,-14.33,-5.78,6,12,4,9,5,13,2092,2286,,1240,733,1755,.418,223,723,.308,403,594,.678,293,1036,354,146,107,410,576
195,Murray State,31,27,4,.871,8.75,-4.46,16,2,15,1,10,3,2582,2101,,1240,938,1890,.496,242,695,.348,464,629,.738,333,1172,561,235,142,376,505
196,Navy,31,12,19,.387,-9.93,-3.84,8,10,8,6,4,13,2061,2250,,1240,732,1786,.410,208,656,.317,389,544,.715,359,1160,399,167,58,437,534
197,Omaha,32,21,11,.656,-2.20,-3.27,13,3,10,2,9,8,2523,2454,,1290,950,1998,.475,282,719,.392,341,473,.721,273,1047,409,180,61,304,486
198,Nebraska,34,18,16,.529,15.91,11.79,6,14,12,5,2,9,2434,2257,,1365,862,2016,.428,258,762,.339,452,650,.695,354,1205,431,249,147,330,547
199,Nevada-Las Vegas,31,17,14,.548,1.88,0.78,11,7,10,6,6,5,2276,2242,,1250,791,1852,.427,251,745,.337,443,647,.685,408,1204,399,184,115,401,556
200,Nevada,33,29,4,.879,16.61,2.61,15,3,15,0,9,3,2662,2200,,1320,905,1944,.466,292,831,.351,560,791,.708,307,1234,494,204,129,338,563
201,New Hampshire,29,5,24,.172,-18.43,-5.80,3,13,4,10,1,14,1742,1990,,1160,623,1656,.376,261,787,.332,235,385,.610,260,987,325,117,53,356,533
202,New Mexico State,34,30,4,.882,10.15,-2.69,15,1,16,1,10,1,2657,2181,,1365,937,2041,.459,319,952,.335,464,687,.675,435,1304,501,191,89,403,607
203,New Mexico,32,14,18,.438,-0.21,1.95,7,11,9,7,4,9,2443,2454,,1280,814,1927,.422,292,844,.346,523,745,.702,351,1200,446,220,107,455,627
204,New Orleans,32,19,13,.594,-8.46,-6.18,12,6,12,3,5,9,2295,2230,,1300,829,1859,.446,182,533,.341,455,662,.687,378,1122,475,277,129,499,605
205,Niagara,32,13,19,.406,-11.15,-7.59,6,12,8,8,5,10,2318,2432,,1285,795,1887,.421,265,738,.359,463,629,.736,315,1143,343,128,125,390,511
206,Nicholls State,31,14,17,.452,-11.53,-6.65,7,11,9,4,3,13,2260,2302,,1250,807,1914,.422,324,883,.367,322,418,.770,280,1041,428,208,128,386,587
207,NJIT,33,21,12,.636,-3.50,-4.71,8,8,10,4,11,8,2310,2238,,1330,792,1778,.445,229,664,.345,497,692,.718,232,1111,354,211,90,409,551
208,Norfolk State,34,21,13,.618,-8.55,-9.77,14,2,11,2,8,7,2512,2348,,1375,849,1935,.439,263,713,.369,551,771,.715,331,1232,438,200,149,501,724
209,North Alabama,32,10,22,.313,-10.94,-1.63,7,9,8,4,2,18,2145,2358,,1285,744,1914,.389,240,805,.298,417,619,.674,351,1170,334,209,74,435,615
210,North Carolina-Asheville,31,4,27,.129,-19.85,-2.39,2,14,3,10,1,15,1857,2313,,1245,655,1627,.403,223,687,.325,324,437,.741,298,931,331,196,86,456,533
211,North Carolina A&T,32,19,13,.594,-11.11,-9.74,13,3,11,2,7,10,2241,2209,,1290,825,1797,.459,227,649,.350,364,548,.664,291,1059,452,215,108,417,515
212,North Carolina Central,33,18,15,.545,-11.54,-11.37,10,6,10,2,4,12,2355,2188,,1325,850,1866,.456,212,673,.315,443,620,.715,387,1227,509,207,92,506,590
213,North Carolina-Greensboro,34,28,6,.824,4.51,-0.83,15,3,14,1,11,4,2585,2288,,1365,940,2059,.457,263,763,.345,442,632,.699,381,1184,434,301,131,401,599
214,North Carolina State,33,22,11,.667,16.29,6.96,9,9,15,4,4,6,2627,2319,,1330,964,2107,.458,269,761,.353,430,606,.710,437,1267,501,243,124,419,640
215,North Carolina-Wilmington,33,10,23,.303,-7.71,-1.65,5,13,5,9,2,12,2515,2670,,1335,881,1988,.443,260,744,.349,493,673,.733,387,1221,495,150,68,436,585
216,North Carolina,33,27,6,.818,25.35,12.23,16,2,14,2,11,1,2840,2407,,1325,1023,2207,.464,289,792,.365,505,681,.742,433,1449,627,237,117,432,566
217,North Dakota State,33,18,15,.545,-3.94,-2.49,9,7,10,3,4,9,2416,2382,,1330,828,1816,.456,315,861,.366,445,575,.774,218,1042,383,159,82,349,492
218,North Dakota,30,12,18,.400,-8.56,-3.32,6,10,8,6,4,11,2220,2196,,1200,822,1771,.464,241,647,.372,335,482,.695,233,1009,398,171,87,380,485
219,North Florida,33,16,17,.485,-3.45,-0.68,9,7,10,3,5,13,2485,2531,,1325,902,2014,.448,308,897,.343,373,539,.692,363,1252,520,212,165,536,573
220,North Texas,33,21,12,.636,0.03,-3.21,8,10,12,4,6,7,2302,2077,,1325,831,1910,.435,284,838,.339,356,532,.669,368,1244,428,210,88,443,589
221,Northeastern,33,23,10,.697,4.89,-0.93,14,4,11,2,8,6,2511,2319,,1345,864,1791,.482,322,830,.388,461,614,.751,230,1048,473,203,71,371,528
222,Northern Arizona,31,10,21,.323,-10.67,-6.15,8,12,5,7,5,13,2262,2402,,1250,785,1819,.432,259,749,.346,433,614,.705,290,1055,381,196,67,372,537
223,Northern Colorado,32,21,11,.656,-3.92,-6.75,15,5,10,3,11,5,2450,2229,,1295,849,1834,.463,307,847,.362,445,632,.704,309,1126,424,176,100,398,535
224,Northern Illinois,34,17,17,.500,2.91,1.44,8,10,10,6,5,9,2506,2413,,1375,940,1995,.471,229,642,.357,397,543,.731,304,1179,374,188,75,404,653
225,Northern Iowa,34,16,18,.471,-1.29,0.87,9,9,9,5,3,9,2215,2230,,1360,769,1846,.417,276,792,.348,401,537,.747,262,1113,370,165,75,393,554
226,Northern Kentucky,34,26,8,.765,4.51,-3.24,13,5,17,1,7,7,2690,2338,,1370,956,1986,.481,301,823,.366,477,717,.665,358,1259,581,212,136,424,647
227,Northwestern State,31,11,20,.355,-16.83,-5.76,6,12,8,7,3,13,2051,2280,,1250,725,1789,.405,190,646,.294,411,604,.680,352,1103,340,192,138,496,578
228,Northwestern,32,13,19,.406,10.53,9.71,4,16,10,8,1,9,2108,2082,,1290,735,1827,.402,233,745,.313,405,551,.735,278,1086,451,176,134,349,583
229,Notre Dame,33,14,19,.424,8.61,8.91,3,15,11,8,1,9,2266,2276,,1320,776,1973,.393,272,863,.315,442,594,.744,370,1208,423,179,148,306,455
230,Oakland,33,16,17,.485,-2.18,-1.40,11,7,10,6,6,10,2534,2515,,1325,864,1859,.465,314,816,.385,492,663,.742,275,1063,581,191,99,426,534
231,Ohio State,33,19,14,.576,14.45,11.03,8,12,12,6,4,7,2298,2185,,1325,797,1824,.437,249,726,.343,455,620,.734,310,1145,470,195,83,413,592
232,Ohio,31,14,17,.452,-1.58,3.43,6,12,11,5,3,10,2174,2288,,1255,803,1838,.437,187,633,.295,381,602,.633,332,1152,451,200,115,448,504
233,Oklahoma State,32,12,20,.375,8.07,11.51,5,13,8,7,2,10,2178,2288,,1285,760,1796,.423,280,753,.372,378,549,.689,295,1092,422,183,139,386,516
234,Oklahoma,32,19,13,.594,14.75,11.81,7,11,11,4,5,7,2277,2183,,1285,830,1864,.445,212,620,.342,405,586,.691,295,1203,406,190,99,390,504
235,Old Dominion,34,26,8,.765,3.96,-1.48,13,5,14,2,8,4,2252,2067,,1360,806,1960,.411,258,731,.353,382,579,.660,408,1324,435,190,155,399,560
236,Oral Roberts,32,11,21,.344,-9.24,-1.81,7,9,7,6,3,13,2314,2483,,1285,854,1874,.456,266,734,.362,340,492,.691,335,1147,434,152,106,447,575
237,Oregon State,31,18,13,.581,7.91,4.37,10,8,10,5,6,5,2275,2165,,1250,800,1728,.463,203,633,.321,472,636,.742,310,1091,465,185,164,384,536
238,Oregon,35,23,12,.657,12.82,5.28,10,8,13,4,5,7,2467,2203,,1410,886,1970,.450,266,775,.343,429,597,.719,340,1211,467,272,149,412,622
239,Pacific,32,14,18,.438,-2.13,2.30,4,12,9,7,5,10,2138,2241,,1290,710,1680,.423,198,564,.351,520,696,.747,285,1041,322,196,46,423,630
240,Penn State,32,14,18,.438,13.10,12.06,7,13,9,6,3,9,2229,2196,,1295,791,1898,.417,222,693,.320,425,613,.693,382,1174,389,245,122,399,597
241,Pennsylvania,31,19,12,.613,2.32,-0.48,7,7,10,4,8,5,2250,2117,,1265,821,1810,.454,282,803,.351,326,510,.639,270,1102,463,210,77,395,500
242,Pepperdine,34,16,18,.471,1.18,0.90,6,10,9,5,2,11,2572,2529,,1370,865,1949,.444,313,819,.382,529,696,.760,290,1085,479,229,95,432,639
243,Pittsburgh,33,14,19,.424,8.56,7.38,3,15,11,7,0,11,2306,2267,,1330,769,1841,.418,225,680,.331,543,779,.697,383,1209,387,227,126,448,610
244,Portland State,32,16,16,.500,-8.92,-5.75,11,9,12,4,3,10,2475,2404,,1290,856,2017,.424,238,769,.309,525,748,.702,491,1282,434,264,129,449,681
245,Portland,32,7,25,.219,-10.50,0.80,0,16,6,11,1,12,2078,2389,,1290,707,1708,.414,216,664,.325,448,668,.671,233,1032,369,175,123,425,588
246,Prairie View,34,22,12,.647,-7.16,-9.28,17,1,11,0,9,12,2551,2465,,1360,875,1997,.438,210,674,.312,591,868,.681,384,1126,427,300,54,433,739
247,Presbyterian,33,18,15,.545,-3.31,-5.45,9,7,12,3,6,11,2601,2389,,1325,888,1971,.451,361,945,.382,464,637,.728,307,1146,518,193,67,326,566
248,Princeton,28,16,12,.571,-3.16,-0.63,8,6,7,5,8,5,1948,1951,,1135,685,1666,.411,207,679,.305,371,502,.739,272,1016,295,168,70,354,459
249,Providence,33,18,15,.545,9.13,7.13,7,11,11,6,5,6,2356,2290,,1345,811,1911,.424,222,667,.333,512,741,.691,386,1206,475,242,129,436,580
250,Purdue,32,23,9,.719,21.34,11.97,16,4,15,0,6,6,2438,2138,,1290,857,1920,.446,311,854,.364,413,564,.732,391,1180,462,208,129,341,558
251,Quinnipiac,30,16,14,.533,-6.32,-7.99,11,7,7,7,9,5,2213,2163,,1230,709,1669,.425,338,898,.376,457,631,.724,302,1077,384,156,60,408,502
252,Radford,33,22,11,.667,1.28,-1.96,12,4,11,3,9,7,2440,2247,,1330,893,1937,.461,285,750,.380,369,515,.717,335,1169,467,196,101,358,528
253,Rhode Island,33,18,15,.545,3.19,1.55,9,9,9,5,5,7,2293,2239,,1335,821,1914,.429,172,615,.280,479,704,.680,375,1194,401,235,129,405,586
254,Rice,32,13,19,.406,-6.32,-1.82,8,10,9,7,4,11,2367,2481,,1305,795,1861,.427,277,793,.349,500,729,.686,316,1221,424,171,103,438,568
255,Richmond,33,13,20,.394,-1.11,-0.54,6,12,7,10,4,7,2314,2333,,1320,849,1800,.472,251,723,.347,365,552,.661,196,957,519,249,101,336,488
256,Rider,31,16,15,.516,-4.83,-6.37,11,7,9,3,6,10,2381,2333,,1245,847,1892,.448,222,651,.341,465,755,.616,363,1144,450,282,101,415,591
257,Robert Morris,33,17,16,.515,-9.56,-7.59,11,7,12,3,5,13,2280,2237,,1335,799,1846,.433,257,725,.354,425,609,.698,346,1102,454,238,85,489,658
258,Rutgers,31,14,17,.452,9.48,10.35,7,13,10,7,4,9,2105,2132,,1250,771,1842,.419,191,612,.312,372,584,.637,391,1210,390,201,124,408,566
259,Sacramento State,31,15,16,.484,-8.72,-6.72,8,12,9,5,4,10,2197,2155,,1250,806,1800,.448,175,527,.332,410,592,.693,308,1051,431,239,104,404,566
260,Sacred Heart,32,15,17,.469,-7.61,-7.84,11,7,10,3,4,13,2558,2509,,1285,885,1926,.460,243,681,.357,545,722,.755,354,1230,471,170,132,465,572
261,Saint Francis (PA),32,18,14,.563,-8.61,-6.58,12,6,12,4,6,10,2445,2419,,1280,861,1969,.437,245,700,.350,478,680,.703,418,1208,402,216,92,390,580
262,Saint Joseph's,33,14,19,.424,-0.11,1.99,6,12,10,5,2,11,2328,2397,,1325,793,1943,.408,280,869,.322,462,615,.751,258,1140,397,186,110,305,497
263,Saint Louis,34,22,12,.647,5.39,2.03,10,8,15,2,4,8,2292,2178,,1360,814,1940,.420,197,630,.313,467,778,.600,467,1353,441,242,134,440,600
264,Saint Mary's (CA),33,22,11,.667,13.02,4.47,11,5,14,3,5,5,2406,2124,,1325,876,1850,.474,245,648,.378,409,549,.745,324,1147,332,198,84,347,561
265,Saint Peter's,32,10,22,.313,-11.98,-6.23,6,12,7,7,2,14,2012,2196,,1305,707,1639,.431,184,567,.325,414,570,.726,293,1031,301,172,177,488,614
266,Sam Houston State,32,21,11,.656,-2.90,-6.11,16,2,12,2,8,8,2407,2225,,1305,858,1946,.441,302,819,.369,389,514,.757,359,1158,531,236,91,399,634
267,Samford,33,17,16,.515,0.97,-1.75,6,12,11,6,5,9,2583,2487,,1355,921,1951,.472,254,687,.370,487,666,.731,316,1225,461,238,127,463,560
268,San Diego State,34,21,13,.618,5.65,2.83,11,7,14,3,4,7,2437,2291,,1360,845,1940,.436,261,721,.362,486,679,.716,346,1228,487,197,113,424,638
269,San Diego,35,21,14,.600,6.67,3.67,7,9,12,4,5,8,2531,2381,,1420,892,1942,.459,274,784,.349,473,634,.746,276,1201,503,197,109,444,650
270,San Francisco,31,21,10,.677,8.86,1.43,9,7,13,3,6,5,2358,2101,,1250,864,1852,.467,258,728,.354,372,568,.655,340,1137,439,188,104,321,543
271,San Jose State,31,4,27,.129,-16.05,0.92,1,17,4,11,0,12,2042,2534,,1250,713,1765,.404,210,641,.328,406,620,.655,323,1127,423,131,52,484,539
272,Santa Clara,31,16,15,.516,-1.67,1.17,8,8,11,6,4,6,2115,2172,,1255,735,1655,.444,239,663,.360,406,567,.716,242,1026,416,146,111,433,597
273,Savannah State,31,11,20,.355,-20.41,-8.94,8,8,6,5,4,14,2360,2694,,1245,825,2080,.397,351,1199,.293,359,531,.676,383,1188,462,234,96,478,564
274,Seattle,32,18,14,.563,-0.98,-3.61,6,10,12,5,4,8,2352,2210,,1290,827,1885,.439,232,624,.372,466,649,.718,321,1176,368,140,115,390,640
275,Seton Hall,33,20,13,.606,11.37,8.91,9,9,11,4,3,8,2440,2359,,1335,863,1959,.441,231,714,.324,483,682,.708,351,1181,447,231,129,410,619
276,Siena,33,17,16,.515,-7.76,-6.33,11,7,7,7,8,7,2131,2178,,1345,772,1779,.434,288,850,.339,299,440,.680,248,973,413,189,93,321,462
277,South Alabama,34,17,17,.500,-4.25,-2.50,8,10,13,6,3,10,2478,2465,,1375,867,1884,.460,285,761,.375,459,669,.686,288,1094,471,201,141,456,649
278,South Carolina State,34,8,26,.235,-16.77,-8.21,5,11,5,6,2,19,2388,2593,,1375,811,1889,.429,193,580,.333,573,772,.742,376,1138,386,167,60,493,670
279,South Carolina Upstate,32,6,26,.188,-15.27,-4.24,1,16,5,9,1,15,2169,2395,,1290,775,1874,.414,269,819,.328,350,491,.713,305,1050,434,207,94,440,621
280,South Carolina,32,16,16,.500,8.72,10.01,11,7,11,6,4,8,2327,2316,,1285,806,1907,.423,242,662,.366,473,694,.682,383,1160,413,202,140,433,622
281,South Dakota State,32,24,8,.750,5.95,-5.24,14,2,14,1,7,5,2716,2346,,1280,957,1901,.503,318,776,.410,484,624,.776,239,1221,476,199,63,378,537
282,South Dakota,30,13,17,.433,-5.35,-2.88,7,9,8,6,4,8,2118,2136,,1205,729,1663,.438,227,665,.341,433,585,.740,219,942,382,165,68,324,527
283,South Florida,32,19,13,.594,5.36,1.26,8,10,14,5,4,6,2312,2144,,1305,761,1774,.429,221,677,.326,569,887,.641,444,1246,441,252,103,513,676
284,Southeast Missouri State,31,10,21,.323,-11.27,-4.34,5,13,6,8,2,13,2216,2378,,1265,796,1809,.440,266,719,.370,358,519,.690,284,1081,402,182,75,447,615
285,Southeastern Louisiana,33,17,16,.515,-7.30,-6.01,12,6,9,5,7,9,2224,2228,,1320,765,1735,.441,235,696,.338,459,640,.717,346,1117,452,215,80,536,602
286,Southern California,33,16,17,.485,8.18,4.91,8,10,12,5,2,9,2518,2410,,1340,937,2039,.460,281,735,.382,363,563,.645,324,1188,536,202,117,392,590
287,SIU Edwardsville,31,10,21,.323,-14.42,-5.00,6,12,7,8,2,11,2265,2520,,1280,794,1898,.418,201,665,.302,476,677,.703,351,1079,382,198,70,438,612
288,Southern Illinois,32,17,15,.531,1.59,0.03,10,8,9,6,7,7,2194,2144,,1280,802,1720,.466,213,570,.374,377,550,.685,289,1081,438,212,129,447,474
289,Southern Methodist,32,15,17,.469,5.68,4.00,6,12,10,8,3,7,2303,2249,,1280,833,1884,.442,263,772,.341,374,523,.715,365,1135,441,189,123,350,515
290,Southern Mississippi,32,20,12,.625,3.94,-0.38,11,7,11,3,7,6,2324,2070,,1290,876,1875,.467,265,683,.388,307,469,.655,271,1151,540,248,109,338,496
291,Southern Utah,32,16,16,.500,-9.44,-6.44,9,11,10,3,4,12,2426,2423,,1295,838,1887,.444,260,752,.346,490,686,.714,268,1163,404,192,103,438,660
292,Southern,32,7,25,.219,-16.74,-7.32,6,12,6,5,1,18,2077,2360,,1285,752,1711,.440,180,544,.331,393,588,.668,313,980,372,216,86,511,716
293,St. Bonaventure,33,18,15,.545,3.69,0.45,12,6,9,5,6,7,2197,2090,,1345,802,1858,.432,201,616,.326,392,529,.741,323,1141,408,197,157,410,537
294,St. Francis (NY),32,17,15,.531,-9.91,-8.41,9,9,11,3,6,11,2273,2239,,1285,814,1926,.423,259,777,.333,386,570,.677,338,1163,369,189,129,403,613
295,St. John's (NY),33,21,12,.636,8.77,6.04,8,10,11,4,4,7,2558,2468,,1335,922,2031,.454,281,778,.361,433,597,.725,252,1076,463,290,110,341,628
296,Stanford,31,15,16,.484,6.17,5.27,8,10,10,4,4,9,2255,2227,,1245,808,1782,.453,207,652,.317,432,643,.672,322,1148,392,186,148,467,586
297,Stephen F. Austin,30,14,16,.467,-10.66,-5.59,7,11,10,6,3,9,2105,2161,,1210,745,1696,.439,201,588,.342,414,607,.682,313,1008,348,192,113,442,579
298,Stetson,31,7,24,.226,-15.09,-3.54,3,13,7,8,0,16,2151,2429,,1245,794,1962,.405,215,684,.314,348,503,.692,359,1110,418,210,94,394,536
299,Stony Brook,32,24,8,.750,-2.06,-6.67,12,4,10,4,13,3,2285,2106,,1290,790,1872,.422,224,687,.326,481,671,.717,401,1303,358,199,132,458,601
300,Syracuse,33,20,13,.606,14.69,10.66,10,8,13,6,6,4,2301,2168,,1325,787,1855,.424,262,794,.330,465,683,.681,356,1146,396,273,158,410,576
301,Temple,32,23,9,.719,8.44,4.75,13,5,13,2,8,5,2395,2277,,1300,845,1927,.439,240,726,.331,465,636,.731,304,1097,463,277,72,357,558
302,Tennessee-Martin,31,12,19,.387,-10.90,-4.28,6,12,10,4,1,14,2356,2486,,1250,854,1915,.446,250,726,.344,398,528,.754,351,1062,441,223,88,418,490
303,Tennessee State,30,9,21,.300,-11.60,-3.14,6,12,6,7,3,14,2182,2332,,1210,751,1739,.432,240,716,.335,440,628,.701,317,1032,342,219,78,497,735
304,Tennessee Tech,31,8,23,.258,-14.64,-2.88,4,14,5,10,3,13,2104,2350,,1250,742,1784,.416,213,620,.344,407,645,.631,330,1122,389,226,134,517,554
305,Tennessee,33,29,4,.879,23.18,9.99,15,3,18,0,7,3,2717,2250,,1335,991,1988,.498,225,629,.358,510,669,.762,344,1244,608,201,179,363,575
306,Texas A&M-Corpus Christi,32,14,18,.438,-8.67,-5.24,9,9,9,7,5,9,2126,2124,,1290,774,1803,.429,202,621,.325,376,541,.695,349,1159,423,197,90,456,610
307,Texas A&M,32,14,18,.438,7.53,8.90,6,12,9,8,3,7,2253,2297,,1280,806,1842,.438,204,663,.308,437,631,.693,372,1195,376,215,142,444,521
308,Texas-Arlington,32,17,15,.531,-0.04,1.06,12,6,9,5,7,10,2220,2230,,1305,758,1844,.411,227,740,.307,477,642,.743,360,1196,409,206,95,453,606
309,Texas Christian,33,20,13,.606,13.38,9.50,7,11,12,5,3,7,2445,2317,,1340,886,1936,.458,254,722,.352,419,611,.686,354,1197,535,233,145,454,531
310,Texas-El Paso,29,8,21,.276,-7.92,-1.40,3,15,8,8,0,13,1859,2001,,1170,638,1592,.401,199,621,.320,384,580,.662,285,1070,306,135,83,466,551
311,Texas-Rio Grande Valley,35,19,16,.543,-1.18,-0.97,9,7,10,8,8,7,2475,2456,,1410,836,2006,.417,187,590,.317,616,885,.696,343,1154,461,327,95,449,734
312,Texas-San Antonio,32,17,15,.531,1.01,0.37,11,7,11,4,5,7,2481,2407,,1295,896,2068,.433,294,855,.344,395,536,.737,323,1216,420,213,82,402,581
313,Texas Southern,34,21,13,.618,-6.46,-7.46,14,4,10,2,10,10,2719,2645,,1365,942,2095,.450,248,771,.322,587,881,.666,421,1333,517,271,99,520,609
314,Texas State,33,24,9,.727,2.20,-2.67,12,6,11,3,10,5,2389,2117,,1330,846,1905,.444,238,723,.329,459,673,.682,395,1249,481,227,82,440,647
315,Texas Tech,32,26,6,.813,21.45,7.63,14,4,17,1,6,3,2339,1897,,1285,837,1774,.472,232,630,.368,433,595,.728,282,1092,429,232,157,396,567
316,Texas,32,16,16,.500,15.53,11.78,8,10,12,6,2,8,2264,2144,,1290,801,1848,.433,272,799,.340,390,550,.709,317,1081,407,197,131,351,540
317,Toledo,32,25,7,.781,8.91,0.71,13,5,14,2,8,4,2473,2178,,1290,878,1931,.455,316,832,.380,401,520,.771,322,1249,526,165,146,393,502
318,Towson,32,10,22,.313,-8.07,-3.20,6,12,5,8,4,8,2170,2294,,1310,810,1860,.435,180,550,.327,370,531,.697,389,1183,318,154,94,390,562
319,Troy,30,12,18,.400,-5.85,-0.74,5,13,8,8,4,10,2179,2242,,1210,773,1719,.450,236,704,.335,397,550,.722,277,1021,392,171,135,408,523
320,Tulane,31,4,27,.129,-6.85,3.51,0,18,3,12,0,11,2082,2403,,1240,733,1784,.411,213,670,.318,403,585,.689,298,1130,444,147,109,467,535
321,Tulsa,32,18,14,.563,4.60,3.81,8,10,14,3,3,8,2296,2271,,1290,776,1732,.448,222,652,.340,522,751,.695,239,1119,430,176,76,404,529
322,UCLA,33,17,16,.515,7.24,6.84,9,9,13,5,3,7,2580,2567,,1335,919,2012,.457,256,721,.355,486,768,.633,380,1361,472,194,135,467,563
323,Utah State,34,28,6,.824,12.79,0.86,15,3,14,1,9,4,2692,2271,,1370,940,1983,.474,267,752,.355,543,727,.747,366,1368,583,211,142,428,632
324,Utah Valley,33,24,9,.727,3.62,-2.05,12,4,13,1,8,7,2548,2324,,1320,879,1808,.486,268,695,.386,522,720,.725,286,1178,447,192,81,447,580
325,Utah,31,17,14,.548,6.20,5.17,11,7,10,5,6,5,2343,2311,,1245,805,1735,.464,298,806,.370,435,616,.706,317,1096,440,144,80,409,549
326,Valparaiso,33,15,18,.455,-3.14,-0.75,7,11,8,7,5,8,2205,2187,,1335,802,1783,.450,185,585,.316,416,595,.699,294,1115,431,202,101,439,546
327,Vanderbilt,32,9,23,.281,3.92,8.14,0,18,8,10,1,10,2180,2315,,1285,736,1750,.421,230,739,.311,478,710,.673,325,1139,371,154,126,454,568
328,Vermont,33,27,6,.818,4.91,-4.65,14,2,15,2,11,4,2439,2067,,1330,841,1834,.459,257,729,.353,500,665,.752,300,1161,390,186,133,361,541
329,Villanova,34,25,9,.735,15.42,8.04,13,5,13,2,5,6,2532,2281,,1375,840,1912,.439,361,1023,.353,491,675,.727,357,1200,485,184,103,371,558
330,Virginia Commonwealth,32,25,7,.781,12.61,2.77,16,2,16,1,8,4,2286,1971,,1290,801,1811,.442,229,745,.307,455,652,.698,347,1174,444,255,145,446,634
331,VMI,32,11,21,.344,-10.25,0.33,4,14,8,7,2,13,2433,2617,,1290,843,1973,.427,323,898,.360,424,581,.730,280,1110,442,217,61,390,541
332,Virginia Tech,32,24,8,.750,19.89,7.99,12,6,14,2,5,5,2368,1987,,1290,824,1732,.476,307,779,.394,413,545,.758,285,1043,491,213,74,363,489
333,Virginia,32,29,3,.906,26.69,9.90,16,2,15,1,10,1,2299,1762,,1285,820,1715,.478,271,662,.409,388,520,.746,284,1112,464,180,122,289,469
334,Wagner,30,13,17,.433,-12.75,-7.39,8,10,7,7,6,10,1974,2044,,1205,655,1696,.386,236,773,.305,428,575,.744,378,1095,351,184,108,414,639
335,Wake Forest,31,11,20,.355,1.95,9.20,4,14,8,8,1,10,2119,2344,,1250,714,1812,.394,197,640,.308,494,681,.725,399,1174,329,150,77,417,555
336,Washington State,32,11,21,.344,-1.66,2.21,4,14,9,7,2,8,2393,2517,,1280,833,1861,.448,301,828,.364,426,564,.755,276,1076,476,165,93,440,554
337,Washington,34,26,8,.765,11.84,6.40,15,3,15,1,7,4,2374,2189,,1365,835,1845,.453,254,734,.346,450,648,.694,322,1076,397,305,193,452,625
338,Weber State,33,18,15,.545,-4.24,-5.98,11,9,10,5,5,7,2617,2454,,1330,920,1934,.476,249,684,.364,528,708,.746,220,1177,382,180,140,382,608
339,West Virginia,34,14,20,.412,7.27,11.00,4,14,10,6,0,10,2487,2614,,1380,841,2034,.413,253,798,.317,552,808,.683,489,1338,454,210,118,535,684
340,Western Carolina,32,7,25,.219,-8.94,0.67,4,14,4,8,3,14,2304,2563,,1295,792,1744,.454,296,800,.370,424,628,.675,303,1135,389,135,53,577,671
341,Western Illinois,31,10,21,.323,-9.88,-5.02,4,12,7,6,2,14,2198,2272,,1245,818,1859,.440,241,626,.385,321,440,.730,254,1100,319,165,132,353,488
342,Western Kentucky,34,20,14,.588,3.42,1.25,11,7,10,4,6,8,2429,2355,,1380,853,1910,.447,199,608,.327,524,724,.724,338,1256,417,235,174,466,527
343,Western Michigan,32,8,24,.250,-5.88,1.86,2,16,5,9,2,14,2246,2439,,1300,774,1822,.425,228,723,.315,470,681,.690,345,1197,373,147,78,490,564
344,Wichita State,33,19,14,.576,6.82,5.30,10,8,10,4,4,7,2333,2283,,1325,828,2037,.406,247,797,.310,430,592,.726,411,1247,452,158,111,391,638
345,William & Mary,31,14,17,.452,-4.48,-1.78,10,8,9,5,5,11,2321,2385,,1265,841,1773,.474,254,735,.346,385,576,.668,251,1057,529,158,146,390,516
346,Winthrop,30,18,12,.600,-2.88,-3.73,10,6,11,3,7,8,2499,2358,,1210,855,1878,.455,372,997,.373,417,565,.738,330,1232,460,134,83,456,534
347,Wisconsin,33,23,10,.697,19.11,11.47,14,6,12,3,8,5,2279,2027,,1345,854,1885,.453,235,642,.366,336,518,.649,269,1162,421,169,139,314,496
348,Wofford,33,29,4,.879,13.78,0.12,18,0,15,1,11,3,2739,2165,,1330,997,2022,.493,364,874,.416,381,545,.699,350,1176,507,227,99,359,557
349,Wright State,34,21,13,.618,3.16,-1.34,13,5,15,2,5,7,2492,2290,,1365,860,1970,.437,271,793,.342,501,681,.736,371,1198,476,209,71,393,532
350,Wyoming,32,8,24,.250,-9.41,0.53,4,14,6,10,1,11,2105,2411,,1285,690,1656,.417,248,720,.344,477,660,.723,167,983,331,176,88,450,588
351,Xavier,33,18,15,.545,9.70,8.43,9,9,12,5,4,7,2372,2330,,1335,862,1843,.468,231,694,.333,417,608,.686,343,1192,488,179,125,430,518
352,Yale,28,21,7,.750,5.27,-1.73,10,4,10,2,8,5,2256,2038,,1135,834,1687,.494,217,586,.370,371,512,.725,244,1090,484,168,121,376,476
353,Youngstown State,32,12,20,.375,-7.69,-1.96,8,10,6,7,5,11,2415,2526,,1305,879,2059,.427,303,893,.339,354,505,.701,418,1209,449,210,115,423,656