ID,Pred
2019_1101_1113,0.5
2019_1101_1120,0.5
2019_1101_1124,0.5
2019_1101_1125,0.5
2019_1101_1133,0.5
2019_1101_1138,0.5
2019_1101_1153,0.5
2019_1101_1159,0.5
2019_1101_1181,0.5
2019_1101_1192,0.5
2019_1101_1196,0.5
2019_1101_1199,0.5
2019_1101_1205,0.5
2019_1101_1209,0.5
2019_1101_1211,0.5
2019_1101_1222,0.5
2019_1101_1233,0.5
2019_1101_1234,0.5
2019_1101_1235,0.5
2019_1101_1242,0.5
2019_1101_1243,0.5
2019_1101_1246,0.5
2019_1101_1251,0.5
2019_1101_1257,0.5
2019_1101_1261,0.5
2019_1101_1266,0.5
2019_1101_1268,0.5
2019_1101_1276,0.5
2019_1101_1277,0.5
2019_1101_1278,0.5
2019_1101_1279,0.5
2019_1101_1280,0.5
2019_1101_1285,0.5
2019_1101_1293,0.5
2019_1101_1295,0.5
2019_1101_1297,0.5
2019_1101_1300,0.5
2019_1101_1305,0.5
2019_1101_1308,0.5
2019_1101_1314,0.5
2019_1101_1318,0.5
2019_1101_1326,0.5
2019_1101_1328,0.5
2019_1101_1330,0.5
2019_1101_1332,0.5
2019_1101_1341,0.5
2019_1101_1345,0.5
2019_1101_1371,0.5
2019_1101_1385,0.5
2019_1101_1387,0.5
2019_1101_1388,0.5
2019_1101_1393,0.5
2019_1101_1396,0.5
2019_1101_1397,0.5
2019_1101_1403,0.5
2019_1101_1414,0.5
2019_1101_1416,0.5
2019_1101_1429,0.5
2019_1101_1433,0.5
2019_1101_1436,0.5
2019_1101_1437,0.5
2019_1101_1438,0.5
2019_1101_1439,0.5
2019_1101_1449,0.5
2019_1101_1458,0.5
2019_1101_1459,0.5
2019_1101_1463,0.5
2019_1113_1120,0.5
2019_1113_1124,0.5
2019_1113_1125,0.5
2019_1113_1133,0.5
2019_1113_1138,0.5
2019_1113_1153,0.5
2019_1113_1159,0.5
2019_1113_1181,0.5
2019_1113_1192,0.5
2019_1113_1196,0.5
2019_1113_1199,0.5
2019_1113_1205,0.5
2019_1113_1209,0.5
2019_1113_1211,0.5
2019_1113_1222,0.5
2019_1113_1233,0.5
2019_1113_1234,0.5
2019_1113_1235,0.5
2019_1113_1242,0.5
2019_1113_1243,0.5
2019_1113_1246,0.5
2019_1113_1251,0.5
2019_1113_1257,0.5
2019_1113_1261,0.5
2019_1113_1266,0.5
2019_1113_1268,0.5
2019_1113_1276,0.5
2019_1113_1277,0.5
2019_1113_1278,0.5
2019_1113_1279,0.5
2019_1113_1280,0.5
2019_1113_1285,0.5
2019_1113_1293,0.5
2019_1113_1295,0.5
2019_1113_1297,0.5
2019_1113_1300,0.5
2019_1113_1305,0.5
2019_1113_1308,0.5
2019_1113_1314,0.5
2019_1113_1318,0.5
2019_1113_1326,0.5
2019_1113_1328,0.5
2019_1113_1330,0.5
2019_1113_1332,0.5
2019_1113_1341,0.5
2019_1113_1345,0.5
2019_1113_1371,0.5
2019_1113_1385,0.5
2019_1113_1387,0.5
2019_1113_1388,0.5
2019_1113_1393,0.5
2019_1113_1396,0.5
2019_1113_1397,0.5
2019_1113_1403,0.5
2019_1113_1414,0.5
2019_1113_1416,0.5
2019_1113_1429,0.5
2019_1113_1433,0.5
2019_1113_1436,0.5
2019_1113_1437,0.5
2019_1113_1438,0.5
2019_1113_1439,0.5
2019_1113_1449,0.5
2019_1113_1458,0.5
2019_1113_1459,0.5
2019_1113_1463,0.5
2019_1120_1124,0.5
2019_1120_1125,0.5
2019_1120_1133,0.5
2019_1120_1138,0.5
2019_1120_1153,0.5
2019_1120_1159,0.5
2019_1120_1181,0.5
2019_1120_1192,0.5
2019_1120_1196,0.5
2019_1120_1199,0.5
2019_1120_1205,0.5
2019_1120_1209,0.5
2019_1120_1211,0.5
2019_1120_1222,0.5
2019_1120_1233,0.5
2019_1120_1234,0.5
2019_1120_1235,0.5
2019_1120_1242,0.5
2019_1120_1243,0.5
2019_1120_1246,0.5
2019_1120_1251,0.5
2019_1120_1257,0.5
2019_1120_1261,0.5
2019_1120_1266,0.5
2019_1120_1268,0.5
2019_1120_1276,0.5
2019_1120_1277,0.5
2019_1120_1278,0.5
2019_1120_1279,0.5
2019_1120_1280,0.5
2019_1120_1285,0.5
2019_1120_1293,0.5
2019_1120_1295,0.5
2019_1120_1297,0.5
2019_1120_1300,0.5
2019_1120_1305,0.5
2019_1120_1308,0.5
2019_1120_1314,0.5
2019_1120_1318,0.5
2019_1120_1326,0.5
2019_1120_1328,0.5
2019_1120_1330,0.5
2019_1120_1332,0.5
2019_1120_1341,0.5
2019_1120_1345,0.5
2019_1120_1371,0.5
2019_1120_1385,0.5
2019_1120_1387,0.5
2019_1120_1388,0.5
2019_1120_1393,0.5
2019_1120_1396,0.5
2019_1120_1397,0.5
2019_1120_1403,0.5
2019_1120_1414,0.5
2019_1120_1416,0.5
2019_1120_1429,0.5
2019_1120_1433,0.5
2019_1120_1436,0.5
2019_1120_1437,0.5
2019_1120_1438,0.5
2019_1120_1439,0.5
2019_1120_1449,0.5
2019_1120_1458,0.5
2019_1120_1459,0.5
2019_1120_1463,0.5
2019_1124_1125,0.5
2019_1124_1133,0.5
2019_1124_1138,0.5
2019_1124_1153,0.5
2019_1124_1159,0.5
2019_1124_1181,0.5
2019_1124_1192,0.5
2019_1124_1196,0.5
2019_1124_1199,0.5
2019_1124_1205,0.5
2019_1124_1209,0.5
2019_1124_1211,0.5
2019_1124_1222,0.5
2019_1124_1233,0.5
2019_1124_1234,0.5
2019_1124_1235,0.5
2019_1124_1242,0.5
2019_1124_1243,0.5
2019_1124_1246,0.5
2019_1124_1251,0.5
2019_1124_1257,0.5
2019_1124_1261,0.5
2019_1124_1266,0.5
2019_1124_1268,0.5
2019_1124_1276,0.5
2019_1124_1277,0.5
2019_1124_1278,0.5
2019_1124_1279,0.5
2019_1124_1280,0.5
2019_1124_1285,0.5
2019_1124_1293,0.5
2019_1124_1295,0.5
2019_1124_1297,0.5
2019_1124_1300,0.5
2019_1124_1305,0.5
2019_1124_1308,0.5
2019_1124_1314,0.5
2019_1124_1318,0.5
2019_1124_1326,0.5
2019_1124_1328,0.5
2019_1124_1330,0.5
2019_1124_1332,0.5
2019_1124_1341,0.5
2019_1124_1345,0.5
2019_1124_1371,0.5
2019_1124_1385,0.5
2019_1124_1387,0.5
2019_1124_1388,0.5
2019_1124_1393,0.5
2019_1124_1396,0.5
2019_1124_1397,0.5
2019_1124_1403,0.5
2019_1124_1414,0.5
2019_1124_1416,0.5
2019_1124_1429,0.5
2019_1124_1433,0.5
2019_1124_1436,0.5
2019_1124_1437,0.5
2019_1124_1438,0.5
2019_1124_1439,0.5
2019_1124_1449,0.5
2019_1124_1458,0.5
2019_1124_1459,0.5
2019_1124_1463,0.5
2019_1125_1133,0.5
2019_1125_1138,0.5
2019_1125_1153,0.5
2019_1125_1159,0.5
2019_1125_1181,0.5
2019_1125_1192,0.5
2019_1125_1196,0.5
2019_1125_1199,0.5
2019_1125_1205,0.5
2019_1125_1209,0.5
2019_1125_1211,0.5
2019_1125_1222,0.5
2019_1125_1233,0.5
2019_1125_1234,0.5
2019_1125_1235,0.5
2019_1125_1242,0.5
2019_1125_1243,0.5
2019_1125_1246,0.5
2019_1125_1251,0.5
2019_1125_1257,0.5
2019_1125_1261,0.5
2019_1125_1266,0.5
2019_1125_1268,0.5
2019_1125_1276,0.5
2019_1125_1277,0.5
2019_1125_1278,0.5
2019_1125_1279,0.5
2019_1125_1280,0.5
2019_1125_1285,0.5
2019_1125_1293,0.5
2019_1125_1295,0.5
2019_1125_1297,0.5
2019_1125_1300,0.5
2019_1125_1305,0.5
2019_1125_1308,0.5
2019_1125_1314,0.5
2019_1125_1318,0.5
2019_1125_1326,0.5
2019_1125_1328,0.5
2019_1125_1330,0.5
2019_1125_1332,0.5
2019_1125_1341,0.5
2019_1125_1345,0.5
2019_1125_1371,0.5
2019_1125_1385,0.5
2019_1125_1387,0.5
2019_1125_1388,0.5
2019_1125_1393,0.5
2019_1125_1396,0.5
2019_1125_1397,0.5
2019_1125_1403,0.5
2019_1125_1414,0.5
2019_1125_1416,0.5
2019_1125_1429,0.5
2019_1125_1433,0.5
2019_1125_1436,0.5
2019_1125_1437,0.5
2019_1125_1438,0.5
2019_1125_1439,0.5
2019_1125_1449,0.5
2019_1125_1458,0.5
2019_1125_1459,0.5
2019_1125_1463,0.5
2019_1133_1138,0.5
2019_1133_1153,0.5
2019_1133_1159,0.5
2019_1133_1181,0.5
2019_1133_1192,0.5
2019_1133_1196,0.5
2019_1133_1199,0.5
2019_1133_1205,0.5
2019_1133_1209,0.5
2019_1133_1211,0.5
2019_1133_1222,0.5
2019_1133_1233,0.5
2019_1133_1234,0.5
2019_1133_1235,0.5
2019_1133_1242,0.5
2019_1133_1243,0.5
2019_1133_1246,0.5
2019_1133_1251,0.5
2019_1133_1257,0.5
2019_1133_1261,0.5
2019_1133_1266,0.5
2019_1133_1268,0.5
2019_1133_1276,0.5
2019_1133_1277,0.5
2019_1133_1278,0.5
2019_1133_1279,0.5
2019_1133_1280,0.5
2019_1133_1285,0.5
2019_1133_1293,0.5
2019_1133_1295,0.5
2019_1133_1297,0.5
2019_1133_1300,0.5
2019_1133_1305,0.5
2019_1133_1308,0.5
2019_1133_1314,0.5
2019_1133_1318,0.5
2019_1133_1326,0.5
2019_1133_1328,0.5
2019_1133_1330,0.5
2019_1133_1332,0.5
2019_1133_1341,0.5
2019_1133_1345,0.5
2019_1133_1371,0.5
2019_1133_1385,0.5
2019_1133_1387,0.5
2019_1133_1388,0.5
2019_1133_1393,0.5
2019_1133_1396,0.5
2019_1133_1397,0.5
2019_1133_1403,0.5
2019_1133_1414,0.5
2019_1133_1416,0.5
2019_1133_1429,0.5
2019_1133_1433,0.5
2019_1133_1436,0.5
2019_1133_1437,0.5
2019_1133_1438,0.5
2019_1133_1439,0.5
2019_1133_1449,0.5
2019_1133_1458,0.5
2019_1133_1459,0.5
2019_1133_1463,0.5
2019_1138_1153,0.5
2019_1138_1159,0.5
2019_1138_1181,0.5
2019_1138_1192,0.5
2019_1138_1196,0.5
2019_1138_1199,0.5
2019_1138_1205,0.5
2019_1138_1209,0.5
2019_1138_1211,0.5
2019_1138_1222,0.5
2019_1138_1233,0.5
2019_1138_1234,0.5
2019_1138_1235,0.5
2019_1138_1242,0.5
2019_1138_1243,0.5
2019_1138_1246,0.5
2019_1138_1251,0.5
2019_1138_1257,0.5
2019_1138_1261,0.5
2019_1138_1266,0.5
2019_1138_1268,0.5
2019_1138_1276,0.5
2019_1138_1277,0.5
2019_1138_1278,0.5
2019_1138_1279,0.5
2019_1138_1280,0.5
2019_1138_1285,0.5
2019_1138_1293,0.5
2019_1138_1295,0.5
2019_1138_1297,0.5
2019_1138_1300,0.5
2019_1138_1305,0.5
2019_1138_1308,0.5
2019_1138_1314,0.5
2019_1138_1318,0.5
2019_1138_1326,0.5
2019_1138_1328,0.5
2019_1138_1330,0.5
2019_1138_1332,0.5
2019_1138_1341,0.5
2019_1138_1345,0.5
2019_1138_1371,0.5
2019_1138_1385,0.5
2019_1138_1387,0.5
2019_1138_1388,0.5
2019_1138_1393,0.5
2019_1138_1396,0.5
2019_1138_1397,0.5
2019_1138_1403,0.5
2019_1138_1414,0.5
2019_1138_1416,0.5
2019_1138_1429,0.5
2019_1138_1433,0.5
2019_1138_1436,0.5
2019_1138_1437,0.5
2019_1138_1438,0.5
2019_1138_1439,0.5
2019_1138_1449,0.5
2019_1138_1458,0.5
2019_1138_1459,0.5
2019_1138_1463,0.5
2019_1153_1159,0.5
2019_1153_1181,0.5
2019_1153_1192,0.5
2019_1153_1196,0.5
2019_1153_1199,0.5
2019_1153_1205,0.5
2019_1153_1209,0.5
2019_1153_1211,0.5
2019_1153_1222,0.5
2019_1153_1233,0.5
2019_1153_1234,0.5
2019_1153_1235,0.5
2019_1153_1242,0.5
2019_1153_1243,0.5
2019_1153_1246,0.5
2019_1153_1251,0.5
2019_1153_1257,0.5
2019_1153_1261,0.5
2019_1153_1266,0.5
2019_1153_1268,0.5
2019_1153_1276,0.5
2019_1153_1277,0.5
2019_1153_1278,0.5
2019_1153_1279,0.5
2019_1153_1280,0.5
2019_1153_1285,0.5
2019_1153_1293,0.5
2019_1153_1295,0.5
2019_1153_1297,0.5
2019_1153_1300,0.5
2019_1153_1305,0.5
2019_1153_1308,0.5
2019_1153_1314,0.5
2019_1153_1318,0.5
2019_1153_1326,0.5
2019_1153_1328,0.5
2019_1153_1330,0.5
2019_1153_1332,0.5
2019_1153_1341,0.5
2019_1153_1345,0.5
2019_1153_1371,0.5
2019_1153_1385,0.5
2019_1153_1387,0.5
2019_1153_1388,0.5
2019_1153_1393,0.5
2019_1153_1396,0.5
2019_1153_1397,0.5
2019_1153_1403,0.5
2019_1153_1414,0.5
2019_1153_1416,0.5
2019_1153_1429,0.5
2019_1153_1433,0.5
2019_1153_1436,0.5
2019_1153_1437,0.5
2019_1153_1438,0.5
2019_1153_1439,0.5
2019_1153_1449,0.5
2019_1153_1458,0.5
2019_1153_1459,0.5
2019_1153_1463,0.5
2019_1159_1181,0.5
2019_1159_1192,0.5
2019_1159_1196,0.5
2019_1159_1199,0.5
2019_1159_1205,0.5
2019_1159_1209,0.5
2019_1159_1211,0.5
2019_1159_1222,0.5
2019_1159_1233,0.5
2019_1159_1234,0.5
2019_1159_1235,0.5
2019_1159_1242,0.5
2019_1159_1243,0.5
2019_1159_1246,0.5
2019_1159_1251,0.5
2019_1159_1257,0.5
2019_1159_1261,0.5
2019_1159_1266,0.5
2019_1159_1268,0.5
2019_1159_1276,0.5
2019_1159_1277,0.5
2019_1159_1278,0.5
2019_1159_1279,0.5
2019_1159_1280,0.5
2019_1159_1285,0.5
2019_1159_1293,0.5
2019_1159_1295,0.5
2019_1159_1297,0.5
2019_1159_1300,0.5
2019_1159_1305,0.5
2019_1159_1308,0.5
2019_1159_1314,0.5
2019_1159_1318,0.5
2019_1159_1326,0.5
2019_1159_1328,0.5
2019_1159_1330,0.5
2019_1159_1332,0.5
2019_1159_1341,0.5
2019_1159_1345,0.5
2019_1159_1371,0.5
2019_1159_1385,0.5
2019_1159_1387,0.5
2019_1159_1388,0.5
2019_1159_1393,0.5
2019_1159_1396,0.5
2019_1159_1397,0.5
2019_1159_1403,0.5
2019_1159_1414,0.5
2019_1159_1416,0.5
2019_1159_1429,0.5
2019_1159_1433,0.5
2019_1159_1436,0.5
2019_1159_1437,0.5
2019_1159_1438,0.5
2019_1159_1439,0.5
2019_1159_1449,0.5
2019_1159_1458,0.5
2019_1159_1459,0.5
2019_1159_1463,0.5
2019_1181_1192,0.5
2019_1181_1196,0.5
2019_1181_1199,0.5
2019_1181_1205,0.5
2019_1181_1209,0.5
2019_1181_1211,0.5
2019_1181_1222,0.5
2019_1181_1233,0.5
2019_1181_1234,0.5
2019_1181_1235,0.5
2019_1181_1242,0.5
2019_1181_1243,0.5
2019_1181_1246,0.5
2019_1181_1251,0.5
2019_1181_1257,0.5
2019_1181_1261,0.5
2019_1181_1266,0.5
2019_1181_1268,0.5
2019_1181_1276,0.5
2019_1181_1277,0.5
2019_1181_1278,0.5
2019_1181_1279,0.5
2019_1181_1280,0.5
2019_1181_1285,0.5
2019_1181_1293,0.5
2019_1181_1295,0.5
2019_1181_1297,0.5
2019_1181_1300,0.5
2019_1181_1305,0.5
2019_1181_1308,0.5
2019_1181_1314,0.5
2019_1181_1318,0.5
2019_1181_1326,0.5
2019_1181_1328,0.5
2019_1181_1330,0.5
2019_1181_1332,0.5
2019_1181_1341,0.5
2019_1181_1345,0.5
2019_1181_1371,0.5
2019_1181_1385,0.5
2019_1181_1387,0.5
2019_1181_1388,0.5
2019_1181_1393,0.5
2019_1181_1396,0.5
2019_1181_1397,0.5
2019_1181_1403,0.5
2019_1181_1414,0.5
2019_1181_1416,0.5
2019_1181_1429,0.5
2019_1181_1433,0.5
2019_1181_1436,0.5
2019_1181_1437,0.5
2019_1181_1438,0.5
2019_1181_1439,0.5
2019_1181_1449,0.5
2019_1181_1458,0.5
2019_1181_1459,0.5
2019_1181_1463,0.5
2019_1192_1196,0.5
2019_1192_1199,0.5
2019_1192_1205,0.5
2019_1192_1209,0.5
2019_1192_1211,0.5
2019_1192_1222,0.5
2019_1192_1233,0.5
2019_1192_1234,0.5
2019_1192_1235,0.5
2019_1192_1242,0.5
2019_1192_1243,0.5
2019_1192_1246,0.5
2019_1192_1251,0.5
2019_1192_1257,0.5
2019_1192_1261,0.5
2019_1192_1266,0.5
2019_1192_1268,0.5
2019_1192_1276,0.5
2019_1192_1277,0.5
2019_1192_1278,0.5
2019_1192_1279,0.5
2019_1192_1280,0.5
2019_1192_1285,0.5
2019_1192_1293,0.5
2019_1192_1295,0.5
2019_1192_1297,0.5
2019_1192_1300,0.5
2019_1192_1305,0.5
2019_1192_1308,0.5
2019_1192_1314,0.5
2019_1192_1318,0.5
2019_1192_1326,0.5
2019_1192_1328,0.5
2019_1192_1330,0.5
2019_1192_1332,0.5
2019_1192_1341,0.5
2019_1192_1345,0.5
2019_1192_1371,0.5
2019_1192_1385,0.5
2019_1192_1387,0.5
2019_1192_1388,0.5
2019_1192_1393,0.5
2019_1192_1396,0.5
2019_1192_1397,0.5
2019_1192_1403,0.5
2019_1192_1414,0.5
2019_1192_1416,0.5
2019_1192_1429,0.5
2019_1192_1433,0.5
2019_1192_1436,0.5
2019_1192_1437,0.5
2019_1192_1438,0.5
2019_1192_1439,0.5
2019_1192_1449,0.5
2019_1192_1458,0.5
2019_1192_1459,0.5
2019_1192_1463,0.5
2019_1196_1199,0.5
2019_1196_1205,0.5
2019_1196_1209,0.5
2019_1196_1211,0.5
2019_1196_1222,0.5
2019_1196_1233,0.5
2019_1196_1234,0.5
2019_1196_1235,0.5
2019_1196_1242,0.5
2019_1196_1243,0.5
2019_1196_1246,0.5
2019_1196_1251,0.5
2019_1196_1257,0.5
2019_1196_1261,0.5
2019_1196_1266,0.5
2019_1196_1268,0.5
2019_1196_1276,0.5
2019_1196_1277,0.5
2019_1196_1278,0.5
2019_1196_1279,0.5
2019_1196_1280,0.5
2019_1196_1285,0.5
2019_1196_1293,0.5
2019_1196_1295,0.5
2019_1196_1297,0.5
2019_1196_1300,0.5
2019_1196_1305,0.5
2019_1196_1308,0.5
2019_1196_1314,0.5
2019_1196_1318,0.5
2019_1196_1326,0.5
2019_1196_1328,0.5
2019_1196_1330,0.5
2019_1196_1332,0.5
2019_1196_1341,0.5
2019_1196_1345,0.5
2019_1196_1371,0.5
2019_1196_1385,0.5
2019_1196_1387,0.5
2019_1196_1388,0.5
2019_1196_1393,0.5
2019_1196_1396,0.5
2019_1196_1397,0.5
2019_1196_1403,0.5
2019_1196_1414,0.5
2019_1196_1416,0.5
2019_1196_1429,0.5
2019_1196_1433,0.5
2019_1196_1436,0.5
2019_1196_1437,0.5
2019_1196_1438,0.5
2019_1196_1439,0.5
2019_1196_1449,0.5
2019_1196_1458,0.5
2019_1196_1459,0.5
2019_1196_1463,0.5
2019_1199_1205,0.5
2019_1199_1209,0.5
2019_1199_1211,0.5
2019_1199_1222,0.5
2019_1199_1233,0.5
2019_1199_1234,0.5
2019_1199_1235,0.5
2019_1199_1242,0.5
2019_1199_1243,0.5
2019_1199_1246,0.5
2019_1199_1251,0.5
2019_1199_1257,0.5
2019_1199_1261,0.5
2019_1199_1266,0.5
2019_1199_1268,0.5
2019_1199_1276,0.5
2019_1199_1277,0.5
2019_1199_1278,0.5
2019_1199_1279,0.5
2019_1199_1280,0.5
2019_1199_1285,0.5
2019_1199_1293,0.5
2019_1199_1295,0.5
2019_1199_1297,0.5
2019_1199_1300,0.5
2019_1199_1305,0.5
2019_1199_1308,0.5
2019_1199_1314,0.5
2019_1199_1318,0.5
2019_1199_1326,0.5
2019_1199_1328,0.5
2019_1199_1330,0.5
2019_1199_1332,0.5
2019_1199_1341,0.5
2019_1199_1345,0.5
2019_1199_1371,0.5
2019_1199_1385,0.5
2019_1199_1387,0.5
2019_1199_1388,0.5
2019_1199_1393,0.5
2019_1199_1396,0.5
2019_1199_1397,0.5
2019_1199_1403,0.5
2019_1199_1414,0.5
2019_1199_1416,0.5
2019_1199_1429,0.5
2019_1199_1433,0.5
2019_1199_1436,0.5
2019_1199_1437,0.5
2019_1199_1438,0.5
2019_1199_1439,0.5
2019_1199_1449,0.5
2019_1199_1458,0.5
2019_1199_1459,0.5
2019_1199_1463,0.5
2019_1205_1209,0.5
2019_1205_1211,0.5
2019_1205_1222,0.5
2019_1205_1233,0.5
2019_1205_1234,0.5
2019_1205_1235,0.5
2019_1205_1242,0.5
2019_1205_1243,0.5
2019_1205_1246,0.5
2019_1205_1251,0.5
2019_1205_1257,0.5
2019_1205_1261,0.5
2019_1205_1266,0.5
2019_1205_1268,0.5
2019_1205_1276,0.5
2019_1205_1277,0.5
2019_1205_1278,0.5
2019_1205_1279,0.5
2019_1205_1280,0.5
2019_1205_1285,0.5
2019_1205_1293,0.5
2019_1205_1295,0.5
2019_1205_1297,0.5
2019_1205_1300,0.5
2019_1205_1305,0.5
2019_1205_1308,0.5
2019_1205_1314,0.5
2019_1205_1318,0.5
2019_1205_1326,0.5
2019_1205_1328,0.5
2019_1205_1330,0.5
2019_1205_1332,0.5
2019_1205_1341,0.5
2019_1205_1345,0.5
2019_1205_1371,0.5
2019_1205_1385,0.5
2019_1205_1387,0.5
2019_1205_1388,0.5
2019_1205_1393,0.5
2019_1205_1396,0.5
2019_1205_1397,0.5
2019_1205_1403,0.5
2019_1205_1414,0.5
2019_1205_1416,0.5
2019_1205_1429,0.5
2019_1205_1433,0.5
2019_1205_1436,0.5
2019_1205_1437,0.5
2019_1205_1438,0.5
2019_1205_1439,0.5
2019_1205_1449,0.5
2019_1205_1458,0.5
2019_1205_1459,0.5
2019_1205_1463,0.5
2019_1209_1211,0.5
2019_1209_1222,0.5
2019_1209_1233,0.5
2019_1209_1234,0.5
2019_1209_1235,0.5
2019_1209_1242,0.5
2019_1209_1243,0.5
2019_1209_1246,0.5
2019_1209_1251,0.5
2019_1209_1257,0.5
2019_1209_1261,0.5
2019_1209_1266,0.5
2019_1209_1268,0.5
2019_1209_1276,0.5
2019_1209_1277,0.5
2019_1209_1278,0.5
2019_1209_1279,0.5
2019_1209_1280,0.5
2019_1209_1285,0.5
2019_1209_1293,0.5
2019_1209_1295,0.5
2019_1209_1297,0.5
2019_1209_1300,0.5
2019_1209_1305,0.5
2019_1209_1308,0.5
2019_1209_1314,0.5
2019_1209_1318,0.5
2019_1209_1326,0.5
2019_1209_1328,0.5
2019_1209_1330,0.5
2019_1209_1332,0.5
2019_1209_1341,0.5
2019_1209_1345,0.5
2019_1209_1371,0.5
2019_1209_1385,0.5
2019_1209_1387,0.5
2019_1209_1388,0.5
2019_1209_1393,0.5
2019_1209_1396,0.5
2019_1209_1397,0.5
2019_1209_1403,0.5
2019_1209_1414,0.5
2019_1209_1416,0.5
2019_1209_1429,0.5
2019_1209_1433,0.5
2019_1209_1436,0.5
2019_1209_1437,0.5
2019_1209_1438,0.5
2019_1209_1439,0.5
2019_1209_1449,0.5
2019_1209_1458,0.5
2019_1209_1459,0.5
2019_1209_1463,0.5
2019_1211_1222,0.5
2019_1211_1233,0.5
2019_1211_1234,0.5
2019_1211_1235,0.5
2019_1211_1242,0.5
2019_1211_1243,0.5
2019_1211_1246,0.5
2019_1211_1251,0.5
2019_1211_1257,0.5
2019_1211_1261,0.5
2019_1211_1266,0.5
2019_1211_1268,0.5
2019_1211_1276,0.5
2019_1211_1277,0.5
2019_1211_1278,0.5
2019_1211_1279,0.5
2019_1211_1280,0.5
2019_1211_1285,0.5
2019_1211_1293,0.5
2019_1211_1295,0.5
2019_1211_1297,0.5
2019_1211_1300,0.5
2019_1211_1305,0.5
2019_1211_1308,0.5
2019_1211_1314,0.5
2019_1211_1318,0.5
2019_1211_1326,0.5
2019_1211_1328,0.5
2019_1211_1330,0.5
2019_1211_1332,0.5
2019_1211_1341,0.5
2019_1211_1345,0.5
2019_1211_1371,0.5
2019_1211_1385,0.5
2019_1211_1387,0.5
2019_1211_1388,0.5
2019_1211_1393,0.5
2019_1211_1396,0.5
2019_1211_1397,0.5
2019_1211_1403,0.5
2019_1211_1414,0.5
2019_1211_1416,0.5
2019_1211_1429,0.5
2019_1211_1433,0.5
2019_1211_1436,0.5
2019_1211_1437,0.5
2019_1211_1438,0.5
2019_1211_1439,0.5
2019_1211_1449,0.5
2019_1211_1458,0.5
2019_1211_1459,0.5
2019_1211_1463,0.5
2019_1222_1233,0.5
2019_1222_1234,0.5
2019_1222_1235,0.5
2019_1222_1242,0.5
2019_1222_1243,0.5
2019_1222_1246,0.5
2019_1222_1251,0.5
2019_1222_1257,0.5
2019_1222_1261,0.5
2019_1222_1266,0.5
2019_1222_1268,0.5
2019_1222_1276,0.5
2019_1222_1277,0.5
2019_1222_1278,0.5
2019_1222_1279,0.5
2019_1222_1280,0.5
2019_1222_1285,0.5
2019_1222_1293,0.5
2019_1222_1295,0.5
2019_1222_1297,0.5
2019_1222_1300,0.5
2019_1222_1305,0.5
2019_1222_1308,0.5
2019_1222_1314,0.5
2019_1222_1318,0.5
2019_1222_1326,0.5
2019_1222_1328,0.5
2019_1222_1330,0.5
2019_1222_1332,0.5
2019_1222_1341,0.5
2019_1222_1345,0.5
2019_1222_1371,0.5
2019_1222_1385,0.5
2019_1222_1387,0.5
2019_1222_1388,0.5
2019_1222_1393,0.5
2019_1222_1396,0.5
2019_1222_1397,0.5
2019_1222_1403,0.5
2019_1222_1414,0.5
2019_1222_1416,0.5
2019_1222_1429,0.5
2019_1222_1433,0.5
2019_1222_1436,0.5
2019_1222_1437,0.5
2019_1222_1438,0.5
2019_1222_1439,0.5
2019_1222_1449,0.5
2019_1222_1458,0.5
2019_1222_1459,0.5
2019_1222_1463,0.5
2019_1233_1234,0.5
2019_1233_1235,0.5
2019_1233_1242,0.5
2019_1233_1243,0.5
2019_1233_1246,0.5
2019_1233_1251,0.5
2019_1233_1257,0.5
2019_1233_1261,0.5
2019_1233_1266,0.5
2019_1233_1268,0.5
2019_1233_1276,0.5
2019_1233_1277,0.5
2019_1233_1278,0.5
2019_1233_1279,0.5
2019_1233_1280,0.5
2019_1233_1285,0.5
2019_1233_1293,0.5
2019_1233_1295,0.5
2019_1233_1297,0.5
2019_1233_1300,0.5
2019_1233_1305,0.5
2019_1233_1308,0.5
2019_1233_1314,0.5
2019_1233_1318,0.5
2019_1233_1326,0.5
2019_1233_1328,0.5
2019_1233_1330,0.5
2019_1233_1332,0.5
2019_1233_1341,0.5
2019_1233_1345,0.5
2019_1233_1371,0.5
2019_1233_1385,0.5
2019_1233_1387,0.5
2019_1233_1388,0.5
2019_1233_1393,0.5
2019_1233_1396,0.5
2019_1233_1397,0.5
2019_1233_1403,0.5
2019_1233_1414,0.5
2019_1233_1416,0.5
2019_1233_1429,0.5
2019_1233_1433,0.5
2019_1233_1436,0.5
2019_1233_1437,0.5
2019_1233_1438,0.5
2019_1233_1439,0.5
2019_1233_1449,0.5
2019_1233_1458,0.5
2019_1233_1459,0.5
2019_1233_1463,0.5
2019_1234_1235,0.5
2019_1234_1242,0.5
2019_1234_1243,0.5
2019_1234_1246,0.5
2019_1234_1251,0.5
2019_1234_1257,0.5
2019_1234_1261,0.5
2019_1234_1266,0.5
2019_1234_1268,0.5
2019_1234_1276,0.5
2019_1234_1277,0.5
2019_1234_1278,0.5
2019_1234_1279,0.5
2019_1234_1280,0.5
2019_1234_1285,0.5
2019_1234_1293,0.5
2019_1234_1295,0.5
2019_1234_1297,0.5
2019_1234_1300,0.5
2019_1234_1305,0.5
2019_1234_1308,0.5
2019_1234_1314,0.5
2019_1234_1318,0.5
2019_1234_1326,0.5
2019_1234_1328,0.5
2019_1234_1330,0.5
2019_1234_1332,0.5
2019_1234_1341,0.5
2019_1234_1345,0.5
2019_1234_1371,0.5
2019_1234_1385,0.5
2019_1234_1387,0.5
2019_1234_1388,0.5
2019_1234_1393,0.5
2019_1234_1396,0.5
2019_1234_1397,0.5
2019_1234_1403,0.5
2019_1234_1414,0.5
2019_1234_1416,0.5
2019_1234_1429,0.5
2019_1234_1433,0.5
2019_1234_1436,0.5
2019_1234_1437,0.5
2019_1234_1438,0.5
2019_1234_1439,0.5
2019_1234_1449,0.5
2019_1234_1458,0.5
2019_1234_1459,0.5
2019_1234_1463,0.5
2019_1235_1242,0.5
2019_1235_1243,0.5
2019_1235_1246,0.5
2019_1235_1251,0.5
2019_1235_1257,0.5
2019_1235_1261,0.5
2019_1235_1266,0.5
2019_1235_1268,0.5
2019_1235_1276,0.5
2019_1235_1277,0.5
2019_1235_1278,0.5
2019_1235_1279,0.5
2019_1235_1280,0.5
2019_1235_1285,0.5
2019_1235_1293,0.5
2019_1235_1295,0.5
2019_1235_1297,0.5
2019_1235_1300,0.5
2019_1235_1305,0.5
2019_1235_1308,0.5
2019_1235_1314,0.5
2019_1235_1318,0.5
2019_1235_1326,0.5
2019_1235_1328,0.5
2019_1235_1330,0.5
2019_1235_1332,0.5
2019_1235_1341,0.5
2019_1235_1345,0.5
2019_1235_1371,0.5
2019_1235_1385,0.5
2019_1235_1387,0.5
2019_1235_1388,0.5
2019_1235_1393,0.5
2019_1235_1396,0.5
2019_1235_1397,0.5
2019_1235_1403,0.5
2019_1235_1414,0.5
2019_1235_1416,0.5
2019_1235_1429,0.5
2019_1235_1433,0.5
2019_1235_1436,0.5
2019_1235_1437,0.5
2019_1235_1438,0.5
2019_1235_1439,0.5
2019_1235_1449,0.5
2019_1235_1458,0.5
2019_1235_1459,0.5
2019_1235_1463,0.5
2019_1242_1243,0.5
2019_1242_1246,0.5
2019_1242_1251,0.5
2019_1242_1257,0.5
2019_1242_1261,0.5
2019_1242_1266,0.5
2019_1242_1268,0.5
2019_1242_1276,0.5
2019_1242_1277,0.5
2019_1242_1278,0.5
2019_1242_1279,0.5
2019_1242_1280,0.5
2019_1242_1285,0.5
2019_1242_1293,0.5
2019_1242_1295,0.5
2019_1242_1297,0.5
2019_1242_1300,0.5
2019_1242_1305,0.5
2019_1242_1308,0.5
2019_1242_1314,0.5
2019_1242_1318,0.5
2019_1242_1326,0.5
2019_1242_1328,0.5
2019_1242_1330,0.5
2019_1242_1332,0.5
2019_1242_1341,0.5
2019_1242_1345,0.5
2019_1242_1371,0.5
2019_1242_1385,0.5
2019_1242_1387,0.5
2019_1242_1388,0.5
2019_1242_1393,0.5
2019_1242_1396,0.5
2019_1242_1397,0.5
2019_1242_1403,0.5
2019_1242_1414,0.5
2019_1242_1416,0.5
2019_1242_1429,0.5
2019_1242_1433,0.5
2019_1242_1436,0.5
2019_1242_1437,0.5
2019_1242_1438,0.5
2019_1242_1439,0.5
2019_1242_1449,0.5
2019_1242_1458,0.5
2019_1242_1459,0.5
2019_1242_1463,0.5
2019_1243_1246,0.5
2019_1243_1251,0.5
2019_1243_1257,0.5
2019_1243_1261,0.5
2019_1243_1266,0.5
2019_1243_1268,0.5
2019_1243_1276,0.5
2019_1243_1277,0.5
2019_1243_1278,0.5
2019_1243_1279,0.5
2019_1243_1280,0.5
2019_1243_1285,0.5
2019_1243_1293,0.5
2019_1243_1295,0.5
2019_1243_1297,0.5
2019_1243_1300,0.5
2019_1243_1305,0.5
2019_1243_1308,0.5
2019_1243_1314,0.5
2019_1243_1318,0.5
2019_1243_1326,0.5
2019_1243_1328,0.5
2019_1243_1330,0.5
2019_1243_1332,0.5
2019_1243_1341,0.5
2019_1243_1345,0.5
2019_1243_1371,0.5
2019_1243_1385,0.5
2019_1243_1387,0.5
2019_1243_1388,0.5
2019_1243_1393,0.5
2019_1243_1396,0.5
2019_1243_1397,0.5
2019_1243_1403,0.5
2019_1243_1414,0.5
2019_1243_1416,0.5
2019_1243_1429,0.5
2019_1243_1433,0.5
2019_1243_1436,0.5
2019_1243_1437,0.5
2019_1243_1438,0.5
2019_1243_1439,0.5
2019_1243_1449,0.5
2019_1243_1458,0.5
2019_1243_1459,0.5
2019_1243_1463,0.5
2019_1246_1251,0.5
2019_1246_1257,0.5
2019_1246_1261,0.5
2019_1246_1266,0.5
2019_1246_1268,0.5
2019_1246_1276,0.5
2019_1246_1277,0.5
2019_1246_1278,0.5
2019_1246_1279,0.5
2019_1246_1280,0.5
2019_1246_1285,0.5
2019_1246_1293,0.5
2019_1246_1295,0.5
2019_1246_1297,0.5
2019_1246_1300,0.5
2019_1246_1305,0.5
2019_1246_1308,0.5
2019_1246_1314,0.5
2019_1246_1318,0.5
2019_1246_1326,0.5
2019_1246_1328,0.5
2019_1246_1330,0.5
2019_1246_1332,0.5
2019_1246_1341,0.5
2019_1246_1345,0.5
2019_1246_1371,0.5
2019_1246_1385,0.5
2019_1246_1387,0.5
2019_1246_1388,0.5
2019_1246_1393,0.5
2019_1246_1396,0.5
2019_1246_1397,0.5
2019_1246_1403,0.5
2019_1246_1414,0.5
2019_1246_1416,0.5
2019_1246_1429,0.5
2019_1246_1433,0.5
2019_1246_1436,0.5
2019_1246_1437,0.5
2019_1246_1438,0.5
2019_1246_1439,0.5
2019_1246_1449,0.5
2019_1246_1458,0.5
2019_1246_1459,0.5
2019_1246_1463,0.5
2019_1251_1257,0.5
2019_1251_1261,0.5
2019_1251_1266,0.5
2019_1251_1268,0.5
2019_1251_1276,0.5
2019_1251_1277,0.5
2019_1251_1278,0.5
2019_1251_1279,0.5
2019_1251_1280,0.5
2019_1251_1285,0.5
2019_1251_1293,0.5
2019_1251_1295,0.5
2019_1251_1297,0.5
2019_1251_1300,0.5
2019_1251_1305,0.5
2019_1251_1308,0.5
2019_1251_1314,0.5
2019_1251_1318,0.5
2019_1251_1326,0.5
2019_1251_1328,0.5
2019_1251_1330,0.5
2019_1251_1332,0.5
2019_1251_1341,0.5
2019_1251_1345,0.5
2019_1251_1371,0.5
2019_1251_1385,0.5
2019_1251_1387,0.5
2019_1251_1388,0.5
2019_1251_1393,0.5
2019_1251_1396,0.5
2019_1251_1397,0.5
2019_1251_1403,0.5
2019_1251_1414,0.5
2019_1251_1416,0.5
2019_1251_1429,0.5
2019_1251_1433,0.5
2019_1251_1436,0.5
2019_1251_1437,0.5
2019_1251_1438,0.5
2019_1251_1439,0.5
2019_1251_1449,0.5
2019_1251_1458,0.5
2019_1251_1459,0.5
2019_1251_1463,0.5
2019_1257_1261,0.5
2019_1257_1266,0.5
2019_1257_1268,0.5
2019_1257_1276,0.5
2019_1257_1277,0.5
2019_1257_1278,0.5
2019_1257_1279,0.5
2019_1257_1280,0.5
2019_1257_1285,0.5
2019_1257_1293,0.5
2019_1257_1295,0.5
2019_1257_1297,0.5
2019_1257_1300,0.5
2019_1257_1305,0.5
2019_1257_1308,0.5
2019_1257_1314,0.5
2019_1257_1318,0.5
2019_1257_1326,0.5
2019_1257_1328,0.5
2019_1257_1330,0.5
2019_1257_1332,0.5
2019_1257_1341,0.5
2019_1257_1345,0.5
2019_1257_1371,0.5
2019_1257_1385,0.5
2019_1257_1387,0.5
2019_1257_1388,0.5
2019_1257_1393,0.5
2019_1257_1396,0.5
2019_1257_1397,0.5
2019_1257_1403,0.5
2019_1257_1414,0.5
2019_1257_1416,0.5
2019_1257_1429,0.5
2019_1257_1433,0.5
2019_1257_1436,0.5
2019_1257_1437,0.5
2019_1257_1438,0.5
2019_1257_1439,0.5
2019_1257_1449,0.5
2019_1257_1458,0.5
2019_1257_1459,0.5
2019_1257_1463,0.5
2019_1261_1266,0.5
2019_1261_1268,0.5
2019_1261_1276,0.5
2019_1261_1277,0.5
2019_1261_1278,0.5
2019_1261_1279,0.5
2019_1261_1280,0.5
2019_1261_1285,0.5
2019_1261_1293,0.5
2019_1261_1295,0.5
2019_1261_1297,0.5
2019_1261_1300,0.5
2019_1261_1305,0.5
2019_1261_1308,0.5
2019_1261_1314,0.5
2019_1261_1318,0.5
2019_1261_1326,0.5
2019_1261_1328,0.5
2019_1261_1330,0.5
2019_1261_1332,0.5
2019_1261_1341,0.5
2019_1261_1345,0.5
2019_1261_1371,0.5
2019_1261_1385,0.5
2019_1261_1387,0.5
2019_1261_1388,0.5
2019_1261_1393,0.5
2019_1261_1396,0.5
2019_1261_1397,0.5
2019_1261_1403,0.5
2019_1261_1414,0.5
2019_1261_1416,0.5
2019_1261_1429,0.5
2019_1261_1433,0.5
2019_1261_1436,0.5
2019_1261_1437,0.5
2019_1261_1438,0.5
2019_1261_1439,0.5
2019_1261_1449,0.5
2019_1261_1458,0.5
2019_1261_1459,0.5
2019_1261_1463,0.5
2019_1266_1268,0.5
2019_1266_1276,0.5
2019_1266_1277,0.5
2019_1266_1278,0.5
2019_1266_1279,0.5
2019_1266_1280,0.5
2019_1266_1285,0.5
2019_1266_1293,0.5
2019_1266_1295,0.5
2019_1266_1297,0.5
2019_1266_1300,0.5
2019_1266_1305,0.5
2019_1266_1308,0.5
2019_1266_1314,0.5
2019_1266_1318,0.5
2019_1266_1326,0.5
2019_1266_1328,0.5
2019_1266_1330,0.5
2019_1266_1332,0.5
2019_1266_1341,0.5
2019_1266_1345,0.5
2019_1266_1371,0.5
2019_1266_1385,0.5
2019_1266_1387,0.5
2019_1266_1388,0.5
2019_1266_1393,0.5
2019_1266_1396,0.5
2019_1266_1397,0.5
2019_1266_1403,0.5
2019_1266_1414,0.5
2019_1266_1416,0.5
2019_1266_1429,0.5
2019_1266_1433,0.5
2019_1266_1436,0.5
2019_1266_1437,0.5
2019_1266_1438,0.5
2019_1266_1439,0.5
2019_1266_1449,0.5
2019_1266_1458,0.5
2019_1266_1459,0.5
2019_1266_1463,0.5
2019_1268_1276,0.5
2019_1268_1277,0.5
2019_1268_1278,0.5
2019_1268_1279,0.5
2019_1268_1280,0.5
2019_1268_1285,0.5
2019_1268_1293,0.5
2019_1268_1295,0.5
2019_1268_1297,0.5
2019_1268_1300,0.5
2019_1268_1305,0.5
2019_1268_1308,0.5
2019_1268_1314,0.5
2019_1268_1318,0.5
2019_1268_1326,0.5
2019_1268_1328,0.5
2019_1268_1330,0.5
2019_1268_1332,0.5
2019_1268_1341,0.5
2019_1268_1345,0.5
2019_1268_1371,0.5
2019_1268_1385,0.5
2019_1268_1387,0.5
2019_1268_1388,0.5
2019_1268_1393,0.5
2019_1268_1396,0.5
2019_1268_1397,0.5
2019_1268_1403,0.5
2019_1268_1414,0.5
2019_1268_1416,0.5
2019_1268_1429,0.5
2019_1268_1433,0.5
2019_1268_1436,0.5
2019_1268_1437,0.5
2019_1268_1438,0.5
2019_1268_1439,0.5
2019_1268_1449,0.5
2019_1268_1458,0.5
2019_1268_1459,0.5
2019_1268_1463,0.5
2019_1276_1277,0.5
2019_1276_1278,0.5
2019_1276_1279,0.5
2019_1276_1280,0.5
2019_1276_1285,0.5
2019_1276_1293,0.5
2019_1276_1295,0.5
2019_1276_1297,0.5
2019_1276_1300,0.5
2019_1276_1305,0.5
2019_1276_1308,0.5
2019_1276_1314,0.5
2019_1276_1318,0.5
2019_1276_1326,0.5
2019_1276_1328,0.5
2019_1276_1330,0.5
2019_1276_1332,0.5
2019_1276_1341,0.5
2019_1276_1345,0.5
2019_1276_1371,0.5
2019_1276_1385,0.5
2019_1276_1387,0.5
2019_1276_1388,0.5
2019_1276_1393,0.5
2019_1276_1396,0.5
2019_1276_1397,0.5
2019_1276_1403,0.5
2019_1276_1414,0.5
2019_1276_1416,0.5
2019_1276_1429,0.5
2019_1276_1433,0.5
2019_1276_1436,0.5
2019_1276_1437,0.5
2019_1276_1438,0.5
2019_1276_1439,0.5
2019_1276_1449,0.5
2019_1276_1458,0.5
2019_1276_1459,0.5
2019_1276_1463,0.5
2019_1277_1278,0.5
2019_1277_1279,0.5
2019_1277_1280,0.5
2019_1277_1285,0.5
2019_1277_1293,0.5
2019_1277_1295,0.5
2019_1277_1297,0.5
2019_1277_1300,0.5
2019_1277_1305,0.5
2019_1277_1308,0.5
2019_1277_1314,0.5
2019_1277_1318,0.5
2019_1277_1326,0.5
2019_1277_1328,0.5
2019_1277_1330,0.5
2019_1277_1332,0.5
2019_1277_1341,0.5
2019_1277_1345,0.5
2019_1277_1371,0.5
2019_1277_1385,0.5
2019_1277_1387,0.5
2019_1277_1388,0.5
2019_1277_1393,0.5
2019_1277_1396,0.5
2019_1277_1397,0.5
2019_1277_1403,0.5
2019_1277_1414,0.5
2019_1277_1416,0.5
2019_1277_1429,0.5
2019_1277_1433,0.5
2019_1277_1436,0.5
2019_1277_1437,0.5
2019_1277_1438,0.5
2019_1277_1439,0.5
2019_1277_1449,0.5
2019_1277_1458,0.5
2019_1277_1459,0.5
2019_1277_1463,0.5
2019_1278_1279,0.5
2019_1278_1280,0.5
2019_1278_1285,0.5
2019_1278_1293,0.5
2019_1278_1295,0.5
2019_1278_1297,0.5
2019_1278_1300,0.5
2019_1278_1305,0.5
2019_1278_1308,0.5
2019_1278_1314,0.5
2019_1278_1318,0.5
2019_1278_1326,0.5
2019_1278_1328,0.5
2019_1278_1330,0.5
2019_1278_1332,0.5
2019_1278_1341,0.5
2019_1278_1345,0.5
2019_1278_1371,0.5
2019_1278_1385,0.5
2019_1278_1387,0.5
2019_1278_1388,0.5
2019_1278_1393,0.5
2019_1278_1396,0.5
2019_1278_1397,0.5
2019_1278_1403,0.5
2019_1278_1414,0.5
2019_1278_1416,0.5
2019_1278_1429,0.5
2019_1278_1433,0.5
2019_1278_1436,0.5
2019_1278_1437,0.5
2019_1278_1438,0.5
2019_1278_1439,0.5
2019_1278_1449,0.5
2019_1278_1458,0.5
2019_1278_1459,0.5
2019_1278_1463,0.5
2019_1279_1280,0.5
2019_1279_1285,0.5
2019_1279_1293,0.5
2019_1279_1295,0.5
2019_1279_1297,0.5
2019_1279_1300,0.5
2019_1279_1305,0.5
2019_1279_1308,0.5
2019_1279_1314,0.5
2019_1279_1318,0.5
2019_1279_1326,0.5
2019_1279_1328,0.5
2019_1279_1330,0.5
2019_1279_1332,0.5
2019_1279_1341,0.5
2019_1279_1345,0.5
2019_1279_1371,0.5
2019_1279_1385,0.5
2019_1279_1387,0.5
2019_1279_1388,0.5
2019_1279_1393,0.5
2019_1279_1396,0.5
2019_1279_1397,0.5
2019_1279_1403,0.5
2019_1279_1414,0.5
2019_1279_1416,0.5
2019_1279_1429,0.5
2019_1279_1433,0.5
2019_1279_1436,0.5
2019_1279_1437,0.5
2019_1279_1438,0.5
2019_1279_1439,0.5
2019_1279_1449,0.5
2019_1279_1458,0.5
2019_1279_1459,0.5
2019_1279_1463,0.5
2019_1280_1285,0.5
2019_1280_1293,0.5
2019_1280_1295,0.5
2019_1280_1297,0.5
2019_1280_1300,0.5
2019_1280_1305,0.5
2019_1280_1308,0.5
2019_1280_1314,0.5
2019_1280_1318,0.5
2019_1280_1326,0.5
2019_1280_1328,0.5
2019_1280_1330,0.5
2019_1280_1332,0.5
2019_1280_1341,0.5
2019_1280_1345,0.5
2019_1280_1371,0.5
2019_1280_1385,0.5
2019_1280_1387,0.5
2019_1280_1388,0.5
2019_1280_1393,0.5
2019_1280_1396,0.5
2019_1280_1397,0.5
2019_1280_1403,0.5
2019_1280_1414,0.5
2019_1280_1416,0.5
2019_1280_1429,0.5
2019_1280_1433,0.5
2019_1280_1436,0.5
2019_1280_1437,0.5
2019_1280_1438,0.5
2019_1280_1439,0.5
2019_1280_1449,0.5
2019_1280_1458,0.5
2019_1280_1459,0.5
2019_1280_1463,0.5
2019_1285_1293,0.5
2019_1285_1295,0.5
2019_1285_1297,0.5
2019_1285_1300,0.5
2019_1285_1305,0.5
2019_1285_1308,0.5
2019_1285_1314,0.5
2019_1285_1318,0.5
2019_1285_1326,0.5
2019_1285_1328,0.5
2019_1285_1330,0.5
2019_1285_1332,0.5
2019_1285_1341,0.5
2019_1285_1345,0.5
2019_1285_1371,0.5
2019_1285_1385,0.5
2019_1285_1387,0.5
2019_1285_1388,0.5
2019_1285_1393,0.5
2019_1285_1396,0.5
2019_1285_1397,0.5
2019_1285_1403,0.5
2019_1285_1414,0.5
2019_1285_1416,0.5
2019_1285_1429,0.5
2019_1285_1433,0.5
2019_1285_1436,0.5
2019_1285_1437,0.5
2019_1285_1438,0.5
2019_1285_1439,0.5
2019_1285_1449,0.5
2019_1285_1458,0.5
2019_1285_1459,0.5
2019_1285_1463,0.5
2019_1293_1295,0.5
2019_1293_1297,0.5
2019_1293_1300,0.5
2019_1293_1305,0.5
2019_1293_1308,0.5
2019_1293_1314,0.5
2019_1293_1318,0.5
2019_1293_1326,0.5
2019_1293_1328,0.5
2019_1293_1330,0.5
2019_1293_1332,0.5
2019_1293_1341,0.5
2019_1293_1345,0.5
2019_1293_1371,0.5
2019_1293_1385,0.5
2019_1293_1387,0.5
2019_1293_1388,0.5
2019_1293_1393,0.5
2019_1293_1396,0.5
2019_1293_1397,0.5
2019_1293_1403,0.5
2019_1293_1414,0.5
2019_1293_1416,0.5
2019_1293_1429,0.5
2019_1293_1433,0.5
2019_1293_1436,0.5
2019_1293_1437,0.5
2019_1293_1438,0.5
2019_1293_1439,0.5
2019_1293_1449,0.5
2019_1293_1458,0.5
2019_1293_1459,0.5
2019_1293_1463,0.5
2019_1295_1297,0.5
2019_1295_1300,0.5
2019_1295_1305,0.5
2019_1295_1308,0.5
2019_1295_1314,0.5
2019_1295_1318,0.5
2019_1295_1326,0.5
2019_1295_1328,0.5
2019_1295_1330,0.5
2019_1295_1332,0.5
2019_1295_1341,0.5
2019_1295_1345,0.5
2019_1295_1371,0.5
2019_1295_1385,0.5
2019_1295_1387,0.5
2019_1295_1388,0.5
2019_1295_1393,0.5
2019_1295_1396,0.5
2019_1295_1397,0.5
2019_1295_1403,0.5
2019_1295_1414,0.5
2019_1295_1416,0.5
2019_1295_1429,0.5
2019_1295_1433,0.5
2019_1295_1436,0.5
2019_1295_1437,0.5
2019_1295_1438,0.5
2019_1295_1439,0.5
2019_1295_1449,0.5
2019_1295_1458,0.5
2019_1295_1459,0.5
2019_1295_1463,0.5
2019_1297_1300,0.5
2019_1297_1305,0.5
2019_1297_1308,0.5
2019_1297_1314,0.5
2019_1297_1318,0.5
2019_1297_1326,0.5
2019_1297_1328,0.5
2019_1297_1330,0.5
2019_1297_1332,0.5
2019_1297_1341,0.5
2019_1297_1345,0.5
2019_1297_1371,0.5
2019_1297_1385,0.5
2019_1297_1387,0.5
2019_1297_1388,0.5
2019_1297_1393,0.5
2019_1297_1396,0.5
2019_1297_1397,0.5
2019_1297_1403,0.5
2019_1297_1414,0.5
2019_1297_1416,0.5
2019_1297_1429,0.5
2019_1297_1433,0.5
2019_1297_1436,0.5
2019_1297_1437,0.5
2019_1297_1438,0.5
2019_1297_1439,0.5
2019_1297_1449,0.5
2019_1297_1458,0.5
2019_1297_1459,0.5
2019_1297_1463,0.5
2019_1300_1305,0.5
2019_1300_1308,0.5
2019_1300_1314,0.5
2019_1300_1318,0.5
2019_1300_1326,0.5
2019_1300_1328,0.5
2019_1300_1330,0.5
2019_1300_1332,0.5
2019_1300_1341,0.5
2019_1300_1345,0.5
2019_1300_1371,0.5
2019_1300_1385,0.5
2019_1300_1387,0.5
2019_1300_1388,0.5
2019_1300_1393,0.5
2019_1300_1396,0.5
2019_1300_1397,0.5
2019_1300_1403,0.5
2019_1300_1414,0.5
2019_1300_1416,0.5
2019_1300_1429,0.5
2019_1300_1433,0.5
2019_1300_1436,0.5
2019_1300_1437,0.5
2019_1300_1438,0.5
2019_1300_1439,0.5
2019_1300_1449,0.5
2019_1300_1458,0.5
2019_1300_1459,0.5
2019_1300_1463,0.5
2019_1305_1308,0.5
2019_1305_1314,0.5
2019_1305_1318,0.5
2019_1305_1326,0.5
2019_1305_1328,0.5
2019_1305_1330,0.5
2019_1305_1332,0.5
2019_1305_1341,0.5
2019_1305_1345,0.5
2019_1305_1371,0.5
2019_1305_1385,0.5
2019_1305_1387,0.5
2019_1305_1388,0.5
2019_1305_1393,0.5
2019_1305_1396,0.5
2019_1305_1397,0.5
2019_1305_1403,0.5
2019_1305_1414,0.5
2019_1305_1416,0.5
2019_1305_1429,0.5
2019_1305_1433,0.5
2019_1305_1436,0.5
2019_1305_1437,0.5
2019_1305_1438,0.5
2019_1305_1439,0.5
2019_1305_1449,0.5
2019_1305_1458,0.5
2019_1305_1459,0.5
2019_1305_1463,0.5
2019_1308_1314,0.5
2019_1308_1318,0.5
2019_1308_1326,0.5
2019_1308_1328,0.5
2019_1308_1330,0.5
2019_1308_1332,0.5
2019_1308_1341,0.5
2019_1308_1345,0.5
2019_1308_1371,0.5
2019_1308_1385,0.5
2019_1308_1387,0.5
2019_1308_1388,0.5
2019_1308_1393,0.5
2019_1308_1396,0.5
2019_1308_1397,0.5
2019_1308_1403,0.5
2019_1308_1414,0.5
2019_1308_1416,0.5
2019_1308_1429,0.5
2019_1308_1433,0.5
2019_1308_1436,0.5
2019_1308_1437,0.5
2019_1308_1438,0.5
2019_1308_1439,0.5
2019_1308_1449,0.5
2019_1308_1458,0.5
2019_1308_1459,0.5
2019_1308_1463,0.5
2019_1314_1318,0.5
2019_1314_1326,0.5
2019_1314_1328,0.5
2019_1314_1330,0.5
2019_1314_1332,0.5
2019_1314_1341,0.5
2019_1314_1345,0.5
2019_1314_1371,0.5
2019_1314_1385,0.5
2019_1314_1387,0.5
2019_1314_1388,0.5
2019_1314_1393,0.5
2019_1314_1396,0.5
2019_1314_1397,0.5
2019_1314_1403,0.5
2019_1314_1414,0.5
2019_1314_1416,0.5
2019_1314_1429,0.5
2019_1314_1433,0.5
2019_1314_1436,0.5
2019_1314_1437,0.5
2019_1314_1438,0.5
2019_1314_1439,0.5
2019_1314_1449,0.5
2019_1314_1458,0.5
2019_1314_1459,0.5
2019_1314_1463,0.5
2019_1318_1326,0.5
2019_1318_1328,0.5
2019_1318_1330,0.5
2019_1318_1332,0.5
2019_1318_1341,0.5
2019_1318_1345,0.5
2019_1318_1371,0.5
2019_1318_1385,0.5
2019_1318_1387,0.5
2019_1318_1388,0.5
2019_1318_1393,0.5
2019_1318_1396,0.5
2019_1318_1397,0.5
2019_1318_1403,0.5
2019_1318_1414,0.5
2019_1318_1416,0.5
2019_1318_1429,0.5
2019_1318_1433,0.5
2019_1318_1436,0.5
2019_1318_1437,0.5
2019_1318_1438,0.5
2019_1318_1439,0.5
2019_1318_1449,0.5
2019_1318_1458,0.5
2019_1318_1459,0.5
2019_1318_1463,0.5
2019_1326_1328,0.5
2019_1326_1330,0.5
2019_1326_1332,0.5
2019_1326_1341,0.5
2019_1326_1345,0.5
2019_1326_1371,0.5
2019_1326_1385,0.5
2019_1326_1387,0.5
2019_1326_1388,0.5
2019_1326_1393,0.5
2019_1326_1396,0.5
2019_1326_1397,0.5
2019_1326_1403,0.5
2019_1326_1414,0.5
2019_1326_1416,0.5
2019_1326_1429,0.5
2019_1326_1433,0.5
2019_1326_1436,0.5
2019_1326_1437,0.5
2019_1326_1438,0.5
2019_1326_1439,0.5
2019_1326_1449,0.5
2019_1326_1458,0.5
2019_1326_1459,0.5
2019_1326_1463,0.5
2019_1328_1330,0.5
2019_1328_1332,0.5
2019_1328_1341,0.5
2019_1328_1345,0.5
2019_1328_1371,0.5
2019_1328_1385,0.5
2019_1328_1387,0.5
2019_1328_1388,0.5
2019_1328_1393,0.5
2019_1328_1396,0.5
2019_1328_1397,0.5
2019_1328_1403,0.5
2019_1328_1414,0.5
2019_1328_1416,0.5
2019_1328_1429,0.5
2019_1328_1433,0.5
2019_1328_1436,0.5
2019_1328_1437,0.5
2019_1328_1438,0.5
2019_1328_1439,0.5
2019_1328_1449,0.5
2019_1328_1458,0.5
2019_1328_1459,0.5
2019_1328_1463,0.5
2019_1330_1332,0.5
2019_1330_1341,0.5
2019_1330_1345,0.5
2019_1330_1371,0.5
2019_1330_1385,0.5
2019_1330_1387,0.5
2019_1330_1388,0.5
2019_1330_1393,0.5
2019_1330_1396,0.5
2019_1330_1397,0.5
2019_1330_1403,0.5
2019_1330_1414,0.5
2019_1330_1416,0.5
2019_1330_1429,0.5
2019_1330_1433,0.5
2019_1330_1436,0.5
2019_1330_1437,0.5
2019_1330_1438,0.5
2019_1330_1439,0.5
2019_1330_1449,0.5
2019_1330_1458,0.5
2019_1330_1459,0.5
2019_1330_1463,0.5
2019_1332_1341,0.5
2019_1332_1345,0.5
2019_1332_1371,0.5
2019_1332_1385,0.5
2019_1332_1387,0.5
2019_1332_1388,0.5
2019_1332_1393,0.5
2019_1332_1396,0.5
2019_1332_1397,0.5
2019_1332_1403,0.5
2019_1332_1414,0.5
2019_1332_1416,0.5
2019_1332_1429,0.5
2019_1332_1433,0.5
2019_1332_1436,0.5
2019_1332_1437,0.5
2019_1332_1438,0.5
2019_1332_1439,0.5
2019_1332_1449,0.5
2019_1332_1458,0.5
2019_1332_1459,0.5
2019_1332_1463,0.5
2019_1341_1345,0.5
2019_1341_1371,0.5
2019_1341_1385,0.5
2019_1341_1387,0.5
2019_1341_1388,0.5
2019_1341_1393,0.5
2019_1341_1396,0.5
2019_1341_1397,0.5
2019_1341_1403,0.5
2019_1341_1414,0.5
2019_1341_1416,0.5
2019_1341_1429,0.5
2019_1341_1433,0.5
2019_1341_1436,0.5
2019_1341_1437,0.5
2019_1341_1438,0.5
2019_1341_1439,0.5
2019_1341_1449,0.5
2019_1341_1458,0.5
2019_1341_1459,0.5
2019_1341_1463,0.5
2019_1345_1371,0.5
2019_1345_1385,0.5
2019_1345_1387,0.5
2019_1345_1388,0.5
2019_1345_1393,0.5
2019_1345_1396,0.5
2019_1345_1397,0.5
2019_1345_1403,0.5
2019_1345_1414,0.5
2019_1345_1416,0.5
2019_1345_1429,0.5
2019_1345_1433,0.5
2019_1345_1436,0.5
2019_1345_1437,0.5
2019_1345_1438,0.5
2019_1345_1439,0.5
2019_1345_1449,0.5
2019_1345_1458,0.5
2019_1345_1459,0.5
2019_1345_1463,0.5
2019_1371_1385,0.5
2019_1371_1387,0.5
2019_1371_1388,0.5
2019_1371_1393,0.5
2019_1371_1396,0.5
2019_1371_1397,0.5
2019_1371_1403,0.5
2019_1371_1414,0.5
2019_1371_1416,0.5
2019_1371_1429,0.5
2019_1371_1433,0.5
2019_1371_1436,0.5
2019_1371_1437,0.5
2019_1371_1438,0.5
2019_1371_1439,0.5
2019_1371_1449,0.5
2019_1371_1458,0.5
2019_1371_1459,0.5
2019_1371_1463,0.5
2019_1385_1387,0.5
2019_1385_1388,0.5
2019_1385_1393,0.5
2019_1385_1396,0.5
2019_1385_1397,0.5
2019_1385_1403,0.5
2019_1385_1414,0.5
2019_1385_1416,0.5
2019_1385_1429,0.5
2019_1385_1433,0.5
2019_1385_1436,0.5
2019_1385_1437,0.5
2019_1385_1438,0.5
2019_1385_1439,0.5
2019_1385_1449,0.5
2019_1385_1458,0.5
2019_1385_1459,0.5
2019_1385_1463,0.5
2019_1387_1388,0.5
2019_1387_1393,0.5
2019_1387_1396,0.5
2019_1387_1397,0.5
2019_1387_1403,0.5
2019_1387_1414,0.5
2019_1387_1416,0.5
2019_1387_1429,0.5
2019_1387_1433,0.5
2019_1387_1436,0.5
2019_1387_1437,0.5
2019_1387_1438,0.5
2019_1387_1439,0.5
2019_1387_1449,0.5
2019_1387_1458,0.5
2019_1387_1459,0.5
2019_1387_1463,0.5
2019_1388_1393,0.5
2019_1388_1396,0.5
2019_1388_1397,0.5
2019_1388_1403,0.5
2019_1388_1414,0.5
2019_1388_1416,0.5
2019_1388_1429,0.5
2019_1388_1433,0.5
2019_1388_1436,0.5
2019_1388_1437,0.5
2019_1388_1438,0.5
2019_1388_1439,0.5
2019_1388_1449,0.5
2019_1388_1458,0.5
2019_1388_1459,0.5
2019_1388_1463,0.5
2019_1393_1396,0.5
2019_1393_1397,0.5
2019_1393_1403,0.5
2019_1393_1414,0.5
2019_1393_1416,0.5
2019_1393_1429,0.5
2019_1393_1433,0.5
2019_1393_1436,0.5
2019_1393_1437,0.5
2019_1393_1438,0.5
2019_1393_1439,0.5
2019_1393_1449,0.5
2019_1393_1458,0.5
2019_1393_1459,0.5
2019_1393_1463,0.5
2019_1396_1397,0.5
2019_1396_1403,0.5
2019_1396_1414,0.5
2019_1396_1416,0.5
2019_1396_1429,0.5
2019_1396_1433,0.5
2019_1396_1436,0.5
2019_1396_1437,0.5
2019_1396_1438,0.5
2019_1396_1439,0.5
2019_1396_1449,0.5
2019_1396_1458,0.5
2019_1396_1459,0.5
2019_1396_1463,0.5
2019_1397_1403,0.5
2019_1397_1414,0.5
2019_1397_1416,0.5
2019_1397_1429,0.5
2019_1397_1433,0.5
2019_1397_1436,0.5
2019_1397_1437,0.5
2019_1397_1438,0.5
2019_1397_1439,0.5
2019_1397_1449,0.5
2019_1397_1458,0.5
2019_1397_1459,0.5
2019_1397_1463,0.5
2019_1403_1414,0.5
2019_1403_1416,0.5
2019_1403_1429,0.5
2019_1403_1433,0.5
2019_1403_1436,0.5
2019_1403_1437,0.5
2019_1403_1438,0.5
2019_1403_1439,0.5
2019_1403_1449,0.5
2019_1403_1458,0.5
2019_1403_1459,0.5
2019_1403_1463,0.5
2019_1414_1416,0.5
2019_1414_1429,0.5
2019_1414_1433,0.5
2019_1414_1436,0.5
2019_1414_1437,0.5
2019_1414_1438,0.5
2019_1414_1439,0.5
2019_1414_1449,0.5
2019_1414_1458,0.5
2019_1414_1459,0.5
2019_1414_1463,0.5
2019_1416_1429,0.5
2019_1416_1433,0.5
2019_1416_1436,0.5
2019_1416_1437,0.5
2019_1416_1438,0.5
2019_1416_1439,0.5
2019_1416_1449,0.5
2019_1416_1458,0.5
2019_1416_1459,0.5
2019_1416_1463,0.5
2019_1429_1433,0.5
2019_1429_1436,0.5
2019_1429_1437,0.5
2019_1429_1438,0.5
2019_1429_1439,0.5
2019_1429_1449,0.5
2019_1429_1458,0.5
2019_1429_1459,0.5
2019_1429_1463,0.5
2019_1433_1436,0.5
2019_1433_1437,0.5
2019_1433_1438,0.5
2019_1433_1439,0.5
2019_1433_1449,0.5
2019_1433_1458,0.5
2019_1433_1459,0.5
2019_1433_1463,0.5
2019_1436_1437,0.5
2019_1436_1438,0.5
2019_1436_1439,0.5
2019_1436_1449,0.5
2019_1436_1458,0.5
2019_1436_1459,0.5
2019_1436_1463,0.5
2019_1437_1438,0.5
2019_1437_1439,0.5
2019_1437_1449,0.5
2019_1437_1458,0.5
2019_1437_1459,0.5
2019_1437_1463,0.5
2019_1438_1439,0.5
2019_1438_1449,0.5
2019_1438_1458,0.5
2019_1438_1459,0.5
2019_1438_1463,0.5
2019_1439_1449,0.5
2019_1439_1458,0.5
2019_1439_1459,0.5
2019_1439_1463,0.5
2019_1449_1458,0.5
2019_1449_1459,0.5
2019_1449_1463,0.5
2019_1458_1459,0.5
2019_1458_1463,0.5
2019_1459_1463,0.5